TrainHour,PeopleAvg,SatisAvg,W725_01,W725_02,W725_03,W725_04,W728_01,W728_02,W728_03,W728_04,C7_SCALE,W7_sex,W7_birthy,W7_birthm,W7_marr,W7_edu,W7_affil
35,3.25,3.25,3,3,4,3,2,4,4,3,3,1,87,1,1,6,2
35,5,4,5,5,5,5,4,4,4,4,3,1,85,2,2,6,2
35,4.25,5,4,4,5,4,5,5,5,5,3,2,89,8,1,6,2
35,4.75,4.25,4,5,5,5,4,4,4,5,3,2,77,11,2,6,2
35,4.5,4,4,4,5,5,4,4,4,4,3,2,85,7,2,6,2
35,3.75,5,4,4,3,4,5,5,5,5,3,1,69,4,2,7,1
35,2.5,4.5,4,2,2,2,4,5,5,4,3,2,79,5,2,6,4
35,4,4,4,4,4,4,4,4,4,4,3,1,86,3,2,6,1
35,3.75,4,4,4,3,4,4,4,4,4,3,1,76,9,2,6,2
35,3.75,3.75,4,4,4,3,4,3,4,4,3,1,85,4,2,6,3
150,4,5,4,4,4,4,5,5,5,5,4,1,79,11,2,7,2
150,4,4.75,4,4,4,4,5,4,5,5,4,1,82,5,1,6,2
150,5,5,5,5,5,5,5,5,5,5,4,1,69,6,2,6,1
150,4.25,5,4,4,4,5,5,5,5,5,4,1,84,1,2,6,2
150,4.25,4.5,4,4,4,5,5,4,5,4,4,2,84,11,1,6,4
150,4,4,4,4,4,4,4,4,4,4,4,1,81,12,1,6,3
150,4,5,4,4,4,4,5,5,5,5,4,1,73,6,2,4,
150,5,5,5,5,5,5,5,5,5,5,4,2,67,2,2,5,1
150,4,2.75,4,4,4,4,3,2,3,3,4,2,86,4,1,5,1
150,3.75,3.75,4,3,4,4,4,3,4,4,4,2,82,9,1,6,2
150,3.5,4,4,4,3,3,4,4,4,4,4,1,69,10,2,8,2
150,4,4,4,4,4,4,4,4,4,4,4,2,77,2,1,6,2
150,4,3.75,4,4,4,4,5,2,4,4,4,2,82,4,2,6,2
150,3.5,4,3,3,4,4,4,4,4,4,4,1,80,2,1,7,1
150,4,3.75,4,4,4,4,4,3,4,4,4,2,78,7,1,6,4
150,3.75,5,3,4,5,3,5,5,5,5,4,1,74,2,2,6,2
150,5,4,5,5,5,5,4,4,4,4,4,1,84,3,1,6,3
150,5,4.5,5,5,5,5,4,4,5,5,4,1,87,9,1,6,1
150,5,4,5,5,5,5,4,4,4,4,4,1,70,10,2,6,2
150,4,4,4,4,4,4,4,4,4,4,4,1,72,7,2,6,2
150,3.75,4,3,4,4,4,4,4,4,4,4,1,73,11,2,7,1
150,4.5,3,4,5,5,4,3,3,3,3,4,1,86,11,2,6,1
150,4.75,5,4,5,5,5,5,5,5,5,4,1,83,10,2,6,1
150,5,4.75,5,5,5,5,5,5,5,4,4,1,85,6,2,6,1
150,5,4,5,5,5,5,4,4,4,4,4,1,83,5,2,6,1
150,4.25,4.75,5,4,4,4,5,5,5,4,4,1,86,4,1,6,3
42,4,4,4,3,5,4,5,3,4,4,4,1,78,3,2,7,3
42,4,4,4,4,4,4,4,4,4,4,4,1,78,2,2,7,4
42,3.5,3.75,4,3,3,4,4,3,4,4,4,1,81,11,2,7,3
42,3.75,4.25,4,3,4,4,4,4,5,4,4,1,73,11,2,7,1
42,4,4,4,4,4,4,4,4,4,4,4,1,83,7,2,6,1
42,1.75,2,2,1,2,2,2,2,2,2,4,1,77,4,2,6,2
42,2,2.25,2,2,2,2,2,2,3,2,4,1,83,1,2,6,1
42,3.75,3.5,4,3,4,4,4,2,4,4,4,1,79,3,1,6,4
42,4,4,4,4,4,4,4,4,4,4,4,1,73,4,2,6,1
42,2,2.75,2,2,3,1,2,3,3,3,4,1,81,8,2,6,2
42,3,3,3,2,4,3,3,3,3,3,4,1,85,1,1,6,2
42,3.5,4,3,4,4,3,4,4,4,4,4,1,76,12,2,6,4
42,3.25,3.5,4,3,3,3,4,3,4,3,4,1,76,7,2,6,2
42,3.25,3.5,4,3,3,3,4,3,4,3,4,1,80,5,2,6,2
42,3,3,3,3,3,3,3,3,3,3,4,1,82,4,2,7,1
42,3.25,3.75,4,3,3,3,4,3,4,4,4,1,87,1,2,6,2
42,3.25,4,4,3,3,3,4,4,4,4,4,1,84,8,1,6,2
42,4,4,4,4,4,4,4,4,4,4,4,1,75,2,2,6,1
42,4,4,4,4,4,4,4,4,4,4,4,1,84,3,2,6,1
42,3.25,4,3,3,5,2,4,4,4,4,4,1,86,3,1,6,1
42,4,4,4,4,4,4,4,4,4,4,4,1,81,5,2,7,1
42,3.25,3,3,4,3,3,3,3,3,3,4,1,80,1,2,6,2
42,4,3.75,4,4,4,4,4,3,4,4,4,1,74,11,2,6,1
42,3.75,4.5,4,4,3,4,5,4,5,4,4,1,91,2,1,6,1
42,2.75,3.5,3,3,3,2,4,3,4,3,4,2,90,2,1,5,1
42,1.75,3,2,1,2,2,3,3,3,3,4,1,83,8,1,6,1
42,4,4,4,4,5,3,5,3,4,4,4,1,77,2,2,6,3
42,3.75,3.5,4,4,4,3,4,3,3,4,4,1,80,2,2,7,1
42,3,3.75,3,3,3,3,4,3,4,4,4,1,86,11,1,6,2
42,2.5,3.5,3,3,2,2,4,3,3,4,4,1,88,6,2,6,1
42,3.5,4.25,4,3,4,3,5,4,4,4,4,1,83,12,2,6,2
42,3.75,4.25,4,4,4,3,5,2,5,5,4,1,84,8,2,6,4
42,4,3.5,4,4,4,4,4,3,4,3,4,1,80,4,2,6,4
42,4.25,4.25,4,4,5,4,5,4,4,4,4,1,78,2,2,6,3
42,4,3.75,4,4,4,4,4,3,4,4,4,1,72,5,2,6,3
42,3,4.25,3,3,3,3,5,4,4,4,4,1,77,3,2,6,3
42,4.5,4,4,5,5,4,4,4,4,4,4,1,88,5,1,6,3
42,4,4,4,4,4,4,4,4,4,4,4,1,87,9,1,6,3
42,2.5,4,3,2,2,3,4,4,4,4,4,1,81,11,2,6,3
42,4.5,4,4,5,5,4,4,4,4,4,4,1,87,12,1,6,3
42,5,5,5,5,5,5,5,5,5,5,4,1,68,12,2,6,4
42,3,3.75,3,3,3,3,4,3,4,4,4,1,77,4,2,6,3
42,4,4,4,4,4,4,4,4,4,4,4,1,87,8,2,6,4
42,2.75,5,3,3,3,2,5,5,5,5,4,1,80,1,2,6,4
42,3.5,4,4,4,3,3,4,4,4,4,4,1,75,12,2,6,4
42,3,4,4,3,3,2,4,4,4,4,4,1,78,1,2,6,3
42,4.25,4,5,4,4,4,4,4,4,4,4,1,84,7,1,6,4
42,4,4,4,4,4,4,4,4,4,4,4,1,82,7,2,6,4
8,3.75,3.25,4,4,4,3,4,2,4,3,3,1,67,10,2,6,3
8,3,2.75,2,3,4,3,2,2,4,3,3,1,86,5,1,6,2
8,1.25,2.75,1,1,1,2,2,2,4,3,3,1,86,5,2,5,3
8,3.5,3,3,4,4,3,4,1,4,3,3,1,75,1,2,6,3
8,3.5,3.25,3,4,4,3,3,3,4,3,3,1,87,2,1,5,1
8,2,2.5,2,2,2,2,2,2,4,2,3,1,82,4,2,6,2
8,4,3.75,4,4,4,4,4,3,4,4,3,1,63,9,2,6,3
8,3.5,4,4,3,4,3,4,3,5,4,3,1,76,4,2,7,3
8,5,4.5,5,5,5,5,5,3,5,5,3,1,90,8,1,6,2
8,3,4.25,4,3,3,2,4,4,4,5,3,1,73,5,2,6,4
8,4.5,4.25,5,4,5,4,4,4,5,4,3,1,73,5,2,5,2
8,4,3.75,5,4,4,3,4,3,4,4,3,2,85,7,2,6,1
8,4.75,3.5,5,5,5,4,5,2,4,3,3,1,89,10,1,2,
8,3,4.25,4,3,3,2,4,4,4,5,3,1,73,5,2,6,4
8,4.25,4,4,4,5,4,4,4,4,4,3,1,77,6,2,6,2
8,5,4,5,5,5,5,4,4,4,4,3,1,81,11,2,5,1
8,4,4,4,4,4,4,4,4,4,4,3,2,96,6,1,4,
8,4,4,4,4,4,4,4,4,4,4,3,1,76,8,2,6,3
8,5,4.75,5,5,5,5,5,4,5,5,3,1,91,9,1,6,4
8,5,5,5,5,5,5,5,5,5,5,3,1,91,10,1,5,2
8,4,4,4,4,4,4,4,4,4,4,3,1,76,9,2,6,3
8,4,3.75,4,4,4,4,4,3,4,4,3,1,82,5,2,7,3
8,4,4.25,4,4,4,4,5,3,5,4,3,1,91,10,1,6,3
8,3,3,4,3,3,2,3,2,4,3,3,1,69,12,2,7,3
8,3,3.5,3,3,3,3,4,3,4,3,3,1,77,10,1,6,3
8,3,3,3,3,3,3,3,3,3,3,3,1,77,11,2,6,3
8,4,4,4,4,4,4,4,4,4,4,3,1,79,12,2,6,3
8,1.75,3.25,2,2,2,1,4,1,5,3,3,1,85,8,1,6,3
8,3,3,3,3,3,3,3,3,3,3,3,2,93,12,1,6,3
8,3.5,3.5,4,4,3,3,4,3,4,3,3,1,88,3,1,6,3
8,4,3,4,4,4,4,3,3,3,3,3,1,65,7,2,6,3
8,3,3,3,3,3,3,3,3,3,3,3,1,89,5,1,6,3
8,3,3,3,3,3,3,3,3,3,3,3,1,88,4,1,6,3
8,3,3,3,3,3,3,3,3,3,3,3,1,85,1,2,6,3
8,1,1,1,1,1,1,1,1,1,1,3,1,83,6,1,7,3
8,3,3.25,3,3,3,3,3,3,4,3,3,1,86,11,1,7,3
8,3,3.75,3,3,3,3,4,3,4,4,3,1,83,9,2,6,3
8,4,3.25,4,4,4,4,3,3,4,3,3,1,90,1,1,6,3
8,2,3.5,2,2,2,2,4,2,4,4,3,1,65,5,2,7,3
8,2.75,2.75,3,3,3,2,3,2,3,3,3,1,75,3,2,7,3
8,4.5,3.75,4,5,5,4,4,3,4,4,3,1,89,9,1,7,3
8,2.75,3,3,3,3,2,4,2,3,3,3,1,82,5,2,7,3
8,2,3.25,3,2,2,1,4,2,4,3,3,1,86,7,1,7,3
8,2,3.25,3,2,2,1,3,3,4,3,3,1,81,2,2,7,3
8,3,2.75,3,3,3,3,3,2,3,3,3,1,76,6,2,6,3
8,3.75,3.75,4,4,4,3,4,3,4,4,3,1,69,9,2,6,3
8,4,4.25,4,4,4,4,5,4,4,4,3,1,76,12,2,7,2
8,3.25,3.5,3,3,4,3,4,2,4,4,3,1,75,10,2,7,3
8,3,3,3,3,3,3,3,3,3,3,3,1,82,5,2,6,2
8,1.75,3.25,2,1,2,2,4,3,2,4,3,1,81,6,2,6,3
8,3.75,4.25,4,4,4,3,5,4,4,4,3,1,80,12,2,6,3
8,3,3,3,3,3,3,3,3,3,3,3,1,90,8,1,6,3
8,4,3.25,4,4,4,4,3,3,4,3,3,1,93,8,1,2,
8,1,3,1,1,1,1,3,3,3,3,3,1,74,10,2,6,3
8,2.75,3.25,4,3,2,2,3,3,3,4,3,1,83,8,1,7,3
8,2,2.5,2,2,2,2,3,1,4,2,3,1,79,1,2,6,3
8,1.5,2.5,1,3,1,1,2,1,4,3,3,2,71,12,2,2,
8,3,3.75,3,3,3,3,4,3,4,4,3,1,82,3,2,6,3
8,2.25,2.75,2,2,3,2,3,1,4,3,3,1,89,7,1,7,3
8,2.5,3.5,4,3,2,1,4,3,4,3,3,1,74,5,2,7,3
8,3.75,2.75,4,4,4,3,3,2,3,3,3,1,76,9,2,6,3
8,2.25,2,2,2,2,3,3,1,2,2,3,1,75,3,2,6,3
8,4,3.5,4,4,4,4,5,3,3,3,3,1,70,3,2,8,3
8,2,2.25,2,2,2,2,1,3,3,2,3,1,89,7,1,7,3
8,3.75,3,3,4,4,4,3,3,3,3,3,1,71,3,2,8,3
8,3.75,3,4,4,4,3,3,3,3,3,3,1,77,11,2,7,3
8,2.25,2,2,2,4,1,2,1,3,2,3,1,89,3,1,7,3
61,3.25,3.25,3,3,4,3,3,3,4,3,3,1,63,1,2,6,3
61,3.25,3,4,3,3,3,3,3,3,3,3,1,63,1,2,6,1
61,3,3,3,3,3,3,3,3,3,3,3,1,87,1,1,6,2
61,3,3.25,3,3,2,4,3,4,3,3,3,1,78,8,2,6,2
61,3,3,3,3,3,3,3,3,3,3,3,2,89,1,1,5,2
61,3.25,3.75,3,4,3,3,4,3,4,4,3,1,86,11,1,6,2
61,3.5,3,4,3,3,4,3,3,3,3,3,1,65,11,2,6,3
61,4.5,4,4,5,5,4,4,4,4,4,3,1,60,8,2,6,3
61,3.25,3.75,4,3,3,3,4,3,4,4,3,1,53,2,2,6,3
61,4,3,4,4,4,4,3,3,3,3,3,1,87,7,1,6,3
61,3.75,4,4,3,4,4,4,4,4,4,3,1,84,3,1,6,3
61,3.75,3.75,3,4,4,4,3,4,4,4,3,1,-9,-9,2,6,3
61,3.5,3.5,3,4,3,4,3,3,4,4,3,1,85,3,1,6,3
61,3.5,4.75,3,3,4,4,4,5,5,5,3,1,58,2,2,6,3
61,4.25,4,4,4,5,4,4,4,4,4,3,1,89,4,1,6,3
61,4.75,4.25,5,4,5,5,3,5,5,4,3,1,75,4,2,6,3
61,3.5,4.5,3,4,4,3,5,4,5,4,3,1,82,9,2,6,3
25,4,3.75,4,4,4,4,3,4,4,4,4,1,70,8,2,7,1
25,4,4,4,4,4,4,4,4,4,4,4,2,82,4,1,7,1
25,4,4,4,4,4,4,4,4,4,4,4,1,80,10,2,6,1
25,3.75,4,4,4,4,3,4,4,4,4,4,1,84,4,1,6,1
25,4,4,4,4,4,4,4,4,4,4,4,1,72,11,2,7,1
25,4,4,4,4,4,4,4,4,4,4,4,2,81,7,2,6,4
25,4,4.5,4,4,5,3,4,5,5,4,4,1,92,10,1,3,
25,3.25,4,3,3,4,3,4,4,4,4,4,1,84,5,2,6,2
25,3.75,3.5,3,4,4,4,4,3,4,3,4,1,87,9,1,2,
25,2.75,4,3,3,3,2,4,4,4,4,4,1,81,7,2,5,3
51,3.75,4,4,4,3,4,5,3,4,4,4,1,74,2,2,6,3
51,4.25,4.25,4,4,5,4,5,3,4,5,4,2,93,5,1,6,3
51,3.75,3.75,3,3,5,4,4,3,4,4,4,1,86,5,2,6,4
51,3.25,3.25,3,3,4,3,4,1,4,4,4,1,74,11,1,6,2
51,3,3.5,3,3,3,3,4,2,4,4,4,1,83,8,2,6,2
51,2.75,3,4,2,3,2,4,2,3,3,4,1,78,6,2,6,2
51,5,4.5,5,5,5,5,5,3,5,5,4,1,76,8,3,6,3
51,3,3,4,3,2,3,3,3,3,3,4,1,79,11,2,6,3
51,4,4,4,4,4,4,4,4,4,4,4,1,70,11,2,6,4
51,3.5,3,4,3,3,4,3,2,4,3,4,1,79,3,1,6,3
51,4.5,4.5,5,5,4,4,5,4,5,4,4,1,79,9,1,6,4
51,4.25,4.5,4,4,5,4,5,4,4,5,4,1,72,8,2,6,3
51,3,2.5,3,3,3,3,3,2,2,3,4,1,82,9,2,6,3
51,3.75,3.75,4,4,4,3,4,3,4,4,4,1,83,3,2,6,4
51,3.25,4.5,2,3,4,4,5,3,5,5,4,1,82,11,2,5,3
51,3,4,3,3,3,3,4,4,4,4,4,1,79,4,2,6,3
51,4,2.75,4,4,4,4,3,2,3,3,4,1,89,2,1,6,4
51,3,3,3,3,3,3,3,3,3,3,4,1,89,3,1,6,1
51,3,3.75,3,3,3,3,4,3,4,4,4,2,72,5,1,5,3
51,4,4,4,4,4,4,4,4,4,4,4,1,81,10,1,6,3
51,4.5,4,4,4,5,5,4,4,4,4,4,1,89,1,1,6,3
51,3,2.5,3,3,3,3,2,2,3,3,4,1,83,1,2,6,3
51,4.75,4,4,5,5,5,4,4,4,4,4,1,69,4,2,6,6
51,3,3.25,3,3,3,3,4,2,4,3,4,1,81,6,2,6,3
51,4,5,4,4,4,4,5,5,5,5,4,1,82,6,2,6,2
51,4.5,4.5,4,5,4,5,4,4,5,5,4,1,83,3,1,6,4
51,4.5,4.25,4,5,4,5,4,4,5,4,4,1,81,2,2,6,4
51,3.75,4.5,3,4,4,4,5,4,4,5,4,2,63,1,2,2,
51,4.25,4,4,4,4,5,4,4,4,4,4,2,71,10,2,3,
51,3.5,4.5,3,4,4,3,5,3,5,5,4,2,72,12,2,2,
51,3,3.25,3,3,3,3,3,3,4,3,4,2,72,4,2,2,
51,4.5,5,4,5,4,5,5,5,5,5,4,2,58,3,2,3,
51,3,3,3,3,3,3,4,2,3,3,4,2,65,9,3,4,
51,4.5,4.25,5,5,4,4,5,4,4,4,4,2,57,8,2,1,
51,5,4.5,5,5,5,5,5,4,4,5,4,2,63,12,2,4,
51,3,4,3,3,3,3,5,3,4,4,4,1,71,3,2,3,
51,3.5,4,4,4,3,3,5,3,3,5,4,2,65,11,2,3,
51,2.5,3.25,1,3,3,3,4,3,3,3,4,2,65,7,2,2,
51,3,3.5,3,3,3,3,4,3,4,3,4,2,64,9,2,3,
65,3.25,4,4,3,3,3,4,4,4,4,3,1,78,6,2,7,1
65,3.5,3.75,3,3,4,4,4,3,4,4,3,1,79,5,2,6,1
65,2.25,3,2,2,3,2,3,2,4,3,3,2,89,5,1,6,4
65,4,4.25,4,4,4,4,4,4,4,5,3,1,77,12,2,7,1
65,4,4,4,4,4,4,4,4,4,4,3,1,72,12,2,6,1
65,4,3.75,4,4,4,4,4,4,4,3,3,2,74,1,2,4,
65,4,3.75,4,4,4,4,4,3,4,4,3,1,85,3,1,6,1
65,4.25,4.25,4,4,5,4,4,5,4,4,3,1,85,1,2,6,1
65,4,4.25,4,4,4,4,4,5,4,4,3,1,71,7,2,6,1
65,3.25,5,4,3,3,3,5,5,5,5,3,1,73,6,2,6,1
65,4.25,4.25,4,4,4,5,4,5,4,4,3,1,73,7,2,6,1
65,4,4,4,4,4,4,4,4,4,4,3,1,82,12,2,6,3
65,4,4.75,4,4,4,4,5,5,5,4,3,1,77,2,2,6,1
65,4.25,4.25,4,4,4,5,4,4,4,5,3,1,86,4,2,6,1
65,4.75,4,4,5,5,5,4,4,4,4,3,1,70,3,2,6,2
65,5,5,5,5,5,5,5,5,5,5,3,2,73,1,2,7,1
65,4.75,4,4,5,5,5,4,4,4,4,3,1,75,2,2,6,1
65,4,4.25,4,4,4,4,4,5,4,4,3,2,78,8,2,6,1
65,4,4.75,4,3,5,4,5,5,5,4,3,2,82,2,2,6,4
65,4,5,4,4,4,4,5,5,5,5,3,2,78,3,2,7,1
65,3,5,3,3,3,3,5,5,5,5,3,2,73,12,2,6,2
65,4,3.75,4,4,4,4,4,3,4,4,3,1,65,5,2,6,2
65,4,4.75,4,4,4,4,5,4,5,5,3,1,85,1,2,6,3
65,3,3,3,4,3,2,3,3,3,3,3,1,82,2,2,6,2
65,4,4.75,4,4,4,4,5,4,5,5,3,1,85,1,2,6,3
65,2.75,3,2,3,3,3,3,3,3,3,3,1,82,2,2,6,1
65,4,3.5,4,4,4,4,4,2,4,4,3,1,85,7,1,6,3
65,3.75,2.75,3,4,4,4,3,2,3,3,3,1,72,3,2,2,
65,2.25,3.75,2,2,3,2,3,5,4,3,3,1,80,4,2,6,1
65,3,3.25,3,3,3,3,3,3,4,3,3,1,75,6,2,7,1
65,3.5,4,3,3,4,4,4,4,4,4,3,2,80,5,2,6,1
65,4.75,4,4,5,5,5,4,4,4,4,3,1,70,1,2,6,1
65,3.75,3.75,4,3,4,4,3,4,4,4,3,1,70,12,2,7,1
65,2.5,4,3,2,3,2,4,4,4,4,3,1,76,9,2,7,1
65,4,4,4,4,4,4,4,4,4,4,3,2,83,1,1,6,2
65,2.75,4,4,3,2,2,4,4,4,4,3,1,88,9,1,6,2
65,4,4,4,4,4,4,4,4,4,4,3,2,82,4,1,7,2
65,2.75,4.25,4,2,3,2,5,3,5,4,3,1,85,7,2,6,1
65,3.75,4,4,3,4,4,4,4,4,4,3,1,70,9,2,7,1
65,3,2.75,4,3,2,3,2,3,3,3,3,1,83,8,2,6,1
65,4,4,4,4,4,4,4,4,4,4,3,1,75,12,2,6,4
65,4,4,4,4,4,4,4,4,4,4,3,1,82,2,2,7,2
65,3.5,4,5,3,3,3,4,4,4,4,3,1,85,8,2,6,1
65,3,4,3,3,3,3,4,4,4,4,3,1,85,11,2,6,4
65,3.5,4,5,3,3,3,4,4,4,4,3,1,90,11,1,6,4
65,3,4,3,3,3,3,4,4,4,4,3,1,74,12,2,6,2
65,2.5,4,2,3,3,2,4,4,4,4,3,1,73,10,2,6,3
65,2.25,4.5,3,2,2,2,5,4,4,5,3,1,82,8,2,6,4
65,4,3.25,4,4,4,4,3,3,4,3,3,2,93,12,1,6,2
65,4,3.25,4,4,4,4,4,3,3,3,3,2,82,10,1,6,4
65,4,4,4,4,4,4,4,4,4,4,3,2,78,5,2,6,2
65,5,5,5,5,5,5,5,5,5,5,3,1,70,12,2,6,4
65,3.5,4,4,3,4,3,4,4,4,4,3,2,74,6,1,6,1
65,3.25,4,3,3,4,3,4,4,4,4,3,1,73,12,2,6,2
65,3.5,4,4,3,4,3,4,4,4,4,3,1,73,3,2,6,2
-9,4,4.25,4,3,5,4,4,5,4,4,4,1,73,3,2,6,2
-9,4,4.5,4,3,5,4,4,5,4,5,4,1,79,6,1,6,2
-9,4.25,4.25,4,5,4,4,4,5,4,4,4,1,79,2,2,6,2
-9,4,4.25,4,3,5,4,5,4,5,3,4,1,-9,-9,2,7,1
-9,3.75,3.5,4,4,4,3,4,2,4,4,4,1,-9,-9,2,6,1
-9,4,3.5,4,4,4,4,4,3,4,3,4,1,83,11,2,6,3
-9,2,2.75,2,2,2,2,3,1,4,3,4,1,83,1,1,6,4
-9,4,4,4,4,4,4,4,4,4,4,4,1,86,7,1,6,2
-9,4,3.25,4,4,4,4,4,3,3,3,4,1,82,3,1,6,1
-9,3,3,3,3,3,3,3,3,3,3,4,1,80,3,2,6,1
-9,4.25,4.25,4,4,5,4,5,4,4,4,4,1,-9,-9,2,6,1
-9,2.75,2.5,2,2,4,3,2,2,4,2,4,1,-9,-9,1,6,1
-9,2.5,2.5,2,2,3,3,2,3,3,2,4,1,-9,-9,1,6,2
-9,3.75,3.5,4,4,3,4,4,2,4,4,4,1,-9,-9,1,6,2
-9,3,3.5,3,3,3,3,4,2,4,4,4,1,84,8,1,6,1
-9,3,4,3,3,3,3,4,4,4,4,4,2,-9,-9,1,5,2
-9,3.5,3,3,3,4,4,3,2,4,3,4,1,-9,-9,1,6,2
-9,3,3,3,3,3,3,3,2,4,3,4,1,-9,-9,1,6,2
-9,4.25,4,4,4,5,4,4,4,4,4,4,1,75,3,2,6,3
-9,3.75,3.25,3,4,4,4,4,1,4,4,4,1,-9,-9,2,6,3
-9,4.25,3.75,4,5,4,4,4,3,4,4,4,1,-9,-9,1,6,2
-9,1.75,3.25,2,2,2,1,4,1,4,4,4,1,-9,-9,1,6,3
-9,4,3.75,4,4,4,4,4,3,4,4,4,1,-9,-9,1,6,2
-9,5,4,5,5,5,5,4,4,4,4,4,1,-9,-9,2,6,3
-9,3.25,2.25,2,3,4,4,2,2,2,3,4,1,67,2,2,2,
-9,2.5,3.75,3,3,2,2,4,3,5,3,4,1,70,8,1,6,3
-9,3.75,4.5,3,3,4,5,4,5,5,4,4,1,60,7,2,4,
-9,2.5,2.75,3,3,2,2,3,3,2,3,4,1,75,12,2,3,
-9,3,2.5,2,3,4,3,2,2,3,3,4,1,77,3,2,2,
-9,3.5,2.5,3,3,4,4,3,2,2,3,4,1,88,3,1,3,
-9,2.75,2.5,2,2,3,4,2,3,2,3,4,1,60,3,2,4,
-9,3.25,3,3,4,3,3,2,4,3,3,4,1,86,7,1,5,3
-9,3,3,3,4,3,2,2,3,4,3,4,1,63,2,2,3,
-9,3.5,3.75,4,3,3,4,4,3,4,4,4,1,65,12,1,6,1
-9,3.25,3.5,3,3,4,3,3,4,3,4,4,1,66,2,2,4,
-9,3,3,3,3,3,3,3,3,3,3,4,1,79,8,2,2,
-9,3,3.25,3,3,3,3,4,3,3,3,4,1,73,4,2,4,
-9,3,3,3,3,3,3,3,3,3,3,4,1,86,10,2,6,3
-9,3,4,3,3,3,3,4,4,4,4,4,1,83,12,1,2,
-9,2.5,3.25,2,2,3,3,3,3,3,4,4,1,71,3,2,4,
-9,3.25,3,3,4,3,3,3,3,3,3,4,1,66,12,2,3,
-9,3,3,3,3,3,3,3,3,3,3,4,1,88,11,1,5,3
-9,3.25,3.25,3,3,4,3,3,3,4,3,4,1,63,12,2,2,
-9,3.5,3.5,4,3,3,4,3,4,4,3,4,1,74,4,2,3,
-9,2.5,2.75,2,2,3,3,3,2,3,3,4,1,67,5,2,3,
-9,2.5,2.75,2,3,3,2,3,2,2,4,4,1,63,3,2,3,
-9,3.25,4,3,3,4,3,3,5,4,4,4,1,70,2,2,3,
-9,3.75,2.5,4,4,3,4,4,2,2,2,4,1,68,5,2,3,
-9,2.5,3,3,2,3,2,3,3,3,3,4,1,74,7,2,3,
-9,2.5,3,3,3,2,2,3,3,3,3,4,1,70,1,2,3,
-9,3,3.75,3,3,3,3,4,4,4,3,4,1,62,5,2,3,
51,4.75,4.5,5,4,5,5,4,5,4,5,4,1,67,9,2,6,2
51,4,4.25,4,4,4,4,5,4,4,4,4,1,83,12,2,6,2
51,3.5,4,4,3,4,3,4,4,4,4,4,1,78,12,2,6,1
51,4,3.5,4,4,4,4,4,3,4,3,4,2,78,5,2,6,1
51,3.25,3.5,3,3,4,3,3,4,3,4,4,1,71,4,2,6,2
51,4,4.5,4,4,4,4,5,3,5,5,4,2,93,9,1,5,3
51,4,4,4,4,4,4,4,4,4,4,4,2,89,9,2,5,1
57,4.25,4,4,4,5,4,4,4,4,4,3,1,78,12,2,6,3
57,3,2.75,3,3,3,3,3,3,3,2,3,1,82,5,2,6,2
57,4.75,4,5,5,5,4,4,4,4,4,3,1,78,7,2,6,4
57,3.25,2.25,3,3,4,3,2,2,2,3,3,1,88,12,1,6,4
57,4,3.5,4,4,4,4,4,4,3,3,3,1,72,4,2,6,1
57,3.5,4,3,3,4,4,4,4,4,4,3,1,86,3,2,6,1
57,3.75,4.25,4,3,4,4,4,4,4,5,3,1,81,7,2,6,3
57,4,3.75,4,4,4,4,4,2,5,4,3,1,79,9,2,6,1
57,3,4,3,3,3,3,4,4,4,4,3,1,81,5,1,6,4
57,5,4.25,5,5,5,5,5,2,5,5,3,1,82,4,2,6,2
57,3,4.5,3,3,3,3,4,4,5,5,3,1,87,10,1,6,3
57,4,4.25,4,4,4,4,5,4,4,4,3,1,90,12,1,6,1
57,3.75,3.5,4,4,4,3,4,3,3,4,3,1,69,1,2,6,2
57,4,4,4,4,4,4,4,4,4,4,3,1,82,10,1,6,2
57,3.75,4,4,4,3,4,4,4,4,4,3,2,88,5,1,6,1
57,3.75,4,3,4,4,4,4,3,5,4,3,1,83,9,2,6,2
57,4,4,4,4,4,4,4,4,4,4,3,1,80,11,2,6,2
57,4,4,4,4,4,4,4,4,4,4,3,1,76,8,2,7,1
57,3.75,4,4,4,4,3,4,4,4,4,3,1,76,1,2,6,2
57,2.75,4,3,2,3,3,4,4,4,4,3,1,83,12,2,6,2
57,4,4.5,4,4,4,4,5,4,5,4,3,1,70,9,2,6,4
57,3.5,4,4,4,3,3,4,4,4,4,3,2,93,8,1,6,2
57,4,4,4,4,4,4,4,4,4,4,3,1,91,10,1,6,3
57,3.75,4,4,3,4,4,4,4,4,4,3,1,71,4,2,6,4
57,2.25,4.5,2,2,2,3,5,4,5,4,3,1,87,4,1,6,3
57,3.75,4.75,3,4,4,4,5,4,5,5,3,1,71,9,2,6,3
57,3.5,3.75,4,3,3,4,4,3,4,4,3,2,77,3,2,6,3
57,4,4.25,4,4,4,4,5,4,4,4,3,1,78,5,2,7,3
57,4.75,4.75,4,5,5,5,5,5,4,5,3,1,64,12,2,3,
57,4,4.75,4,4,4,4,5,4,5,5,3,1,61,5,2,7,3
57,5,4.25,5,5,5,5,5,4,4,4,3,1,65,12,2,3,
57,4,3.75,4,4,4,4,4,4,4,3,3,1,68,7,2,3,
57,4,4.5,4,4,4,4,5,5,4,4,3,1,90,7,1,6,4
57,4,3.75,4,4,4,4,4,4,3,4,3,1,69,5,2,3,
57,4.5,4.75,5,4,5,4,5,5,4,5,3,1,72,6,2,6,4
57,4.5,4,4,5,5,4,4,4,4,4,3,1,68,8,2,6,3
57,3,3.5,4,2,3,3,3,4,4,3,3,1,82,2,1,6,4
57,3.25,3.5,4,3,3,3,3,4,4,3,3,1,85,6,2,6,3
57,3,3.75,3,2,4,3,4,3,4,4,3,1,76,7,2,6,4
57,3.5,4,4,4,3,3,4,4,4,4,3,1,70,1,2,5,3
57,3.75,4,4,3,4,4,4,4,4,4,3,1,71,8,2,6,3
57,4.5,4.5,5,4,5,4,5,4,5,4,3,1,68,9,2,7,4
57,4.25,4.5,4,4,4,5,4,5,5,4,3,2,81,11,1,4,
57,3.75,3.75,4,4,4,3,4,4,4,3,3,1,71,6,2,2,
57,1.25,3.75,1,2,1,1,3,4,4,4,3,2,82,3,2,4,
57,3.5,4.5,4,3,3,4,4,5,5,4,3,2,82,1,2,4,
57,4.5,4.25,4,4,5,5,4,5,4,4,3,2,92,9,2,2,
57,3.75,4,4,4,3,4,4,4,4,4,3,1,70,11,2,6,3
57,4,4,4,4,4,4,4,4,4,4,3,2,70,6,2,4,
57,4,5,4,4,4,4,5,5,5,5,3,2,89,12,1,4,
57,4.25,4.75,4,4,4,5,5,4,5,5,3,2,81,3,3,6,4
57,4.5,4,4,4,5,5,4,4,4,4,3,1,84,6,2,7,4
57,4.25,4,4,5,4,4,4,4,4,4,3,2,78,2,2,4,
57,5,5,5,5,5,5,5,5,5,5,3,1,66,8,3,7,4
57,4,4.75,4,4,4,4,5,5,5,4,3,2,86,1,2,5,2
57,4.25,4,4,4,5,4,4,4,4,4,3,1,73,9,2,5,3
57,4.25,4,4,4,5,4,4,4,4,4,3,1,83,6,2,5,4
57,4,3.75,4,4,4,4,4,4,4,3,3,2,91,3,1,5,2
57,3,3,3,3,3,3,3,3,3,3,3,1,87,10,1,6,4
57,3.25,4,4,3,3,3,4,4,4,4,3,1,83,12,2,6,4
25,3.25,3,4,3,3,3,3,2,4,3,3,1,62,2,2,7,3
25,4,3.5,4,4,4,4,4,3,4,3,3,1,86,8,2,6,3
25,3.25,3.75,4,3,3,3,4,3,4,4,3,1,86,2,1,7,1
25,3.25,3.5,3,3,4,3,4,3,4,3,3,1,88,12,1,6,7
25,3.75,3.5,4,4,4,3,3,3,4,4,3,1,65,3,2,6,1
25,4,3,4,4,4,4,4,1,4,3,3,1,83,1,2,6,2
25,4,3,4,4,4,4,3,3,3,3,3,1,79,4,2,6,1
25,4.25,3.75,5,4,4,4,4,3,4,4,3,1,51,1,2,6,3
25,4.25,4,5,4,4,4,4,4,4,4,3,1,82,10,1,6,1
25,3.75,3.75,4,4,4,3,4,4,3,4,3,1,65,2,1,6,4
25,4,4,4,4,4,4,4,4,4,4,3,1,74,7,2,6,2
25,4,3.5,4,4,4,4,4,3,4,3,3,1,70,11,2,4,
25,2,3.25,2,2,2,2,4,2,3,4,3,1,71,1,2,5,1
25,3,3.5,4,2,3,3,4,3,4,3,3,1,66,7,3,6,3
25,3.25,3.5,4,3,3,3,4,3,4,3,3,2,86,2,2,6,3
25,4.75,3.75,5,5,4,5,4,3,4,4,3,1,77,10,2,6,3
25,3.5,3.25,4,4,3,3,4,2,4,3,3,1,74,5,1,6,3
25,3.75,2.25,4,3,4,4,3,2,2,2,3,1,69,2,2,7,3
25,4,3.75,4,4,4,4,4,3,4,4,3,1,75,9,2,7,3
25,4.75,5,5,5,4,5,5,5,5,5,3,1,91,8,1,6,3
25,3,3.5,3,3,3,3,4,3,4,3,3,1,80,4,2,7,3
25,3,2.75,3,3,3,3,3,2,3,3,3,1,72,3,2,6,3
25,3,3,3,3,3,3,3,3,3,3,3,1,88,9,1,6,3
25,3.25,3.25,3,3,4,3,3,3,4,3,3,2,91,7,1,6,3
25,4,4.25,4,4,4,4,4,5,4,4,3,1,79,7,2,7,3
25,4.5,3.5,5,5,4,4,4,3,4,3,3,1,60,5,2,6,3
25,4,4,4,4,4,4,4,4,4,4,3,2,62,3,2,4,
25,3,3,3,3,3,3,3,3,3,3,3,2,76,2,2,2,
25,2.75,2.75,3,3,3,2,3,2,3,3,3,1,60,2,2,4,
49,3.25,4,3,3,3,4,4,4,4,4,4,1,66,4,2,5,3
49,3.25,4.75,4,3,3,3,4,5,5,5,4,1,82,12,1,6,3
49,5,5,5,5,5,5,5,5,5,5,4,1,78,8,2,2,
49,5,4.75,5,5,5,5,5,5,5,4,4,1,76,2,2,2,
49,4,4,4,4,4,4,4,4,4,4,4,2,88,12,2,5,4
49,3,3,3,3,3,3,3,3,3,3,4,1,75,2,2,6,3
49,4.25,4,4,4,5,4,4,4,4,4,4,1,68,4,2,5,3
49,4,4,4,4,4,4,4,4,4,4,4,1,73,10,2,7,3
49,2.5,3.75,2,2,3,3,4,3,4,4,4,1,75,7,1,5,4
49,3.25,4,3,3,4,3,4,4,4,4,4,1,72,7,2,2,
49,2.5,3,2,2,3,3,3,3,3,3,4,2,66,4,2,2,
49,4,4,4,4,4,4,4,4,4,4,4,1,74,4,2,2,
49,3,3.75,2,4,3,3,4,4,4,3,4,1,75,5,2,2,
49,2.5,2.75,2,3,2,3,3,2,3,3,4,1,74,5,2,6,1
49,4,4,4,4,4,4,4,4,4,4,4,1,68,2,2,5,4
49,5,5,5,5,5,5,5,5,5,5,4,1,75,1,2,2,
49,5,4.5,5,5,5,5,4,5,5,4,4,1,71,5,2,4,
49,2,3.5,2,2,2,2,4,3,3,4,4,1,65,6,2,5,3
49,4.75,4,5,5,5,4,4,4,4,4,4,1,74,2,2,5,4
49,3.75,4,3,4,4,4,5,2,5,4,4,1,75,6,2,4,
49,3,4.25,3,3,3,3,5,4,4,4,4,1,63,9,2,3,
49,3.75,4,4,3,4,4,4,4,4,4,4,1,69,10,2,2,
49,3,4,3,3,3,3,4,4,4,4,4,2,69,5,1,2,
49,2.75,3,3,2,3,3,3,3,3,3,4,2,68,9,2,1,
49,3,3.25,3,3,3,3,3,4,3,3,4,2,69,1,2,2,
49,4.75,3.5,5,5,4,5,3,4,4,3,4,1,76,1,2,2,
49,2.75,4,2,3,3,3,4,4,4,4,4,1,85,2,2,4,
49,4,3.5,4,4,4,4,3,4,4,3,4,2,79,1,2,6,2
49,1,2.5,1,1,1,1,3,2,3,2,4,2,90,1,1,6,1
49,3,3.25,3,3,3,3,3,3,4,3,4,2,82,8,2,7,7
49,2,3.5,2,2,2,2,3,3,4,4,4,2,82,1,2,6,1
49,4.25,4.5,5,4,4,4,5,4,5,4,4,1,80,9,2,6,3
49,3,4,3,3,3,3,4,4,4,4,4,1,81,11,2,7,2
49,3.25,3.5,4,3,3,3,4,3,4,3,4,1,85,12,1,6,2
49,3.75,4.25,4,3,4,4,4,4,5,4,4,2,91,4,1,6,1
49,4.25,4.75,4,4,4,5,5,4,5,5,4,1,74,2,2,7,1
49,4,3.25,4,4,4,4,3,3,4,3,4,2,84,2,1,6,1
49,4,3.75,4,4,4,4,4,3,4,4,4,2,89,1,2,6,1
49,4.25,4,4,4,4,5,4,4,4,4,4,1,86,4,1,6,2
49,4.5,4.5,4,4,5,5,4,5,5,4,4,1,74,6,2,6,2
49,4,4,4,4,4,4,4,4,4,4,4,2,86,7,2,6,1
49,3.75,3.5,4,3,4,4,3,4,4,3,4,2,92,5,2,6,1
49,4.5,3.75,4,5,5,4,4,3,4,4,4,1,88,10,1,6,1
49,4,4,4,4,4,4,4,4,4,4,4,1,73,11,2,2,
49,3,3,3,3,3,3,3,3,3,3,4,2,80,3,2,5,4
49,3.75,3,3,4,4,4,3,2,4,3,4,2,83,8,1,5,4
49,4,3.75,4,4,4,4,4,3,4,4,4,1,83,1,2,5,4
49,3.25,3,3,3,3,4,3,3,3,3,4,2,83,2,2,5,3
49,3,3,3,3,3,3,3,3,3,3,4,1,79,1,2,5,4
49,3,3.25,3,3,3,3,3,3,4,3,4,2,76,9,1,5,4
49,5,4.5,5,5,5,5,5,4,4,5,4,1,72,1,3,5,4
49,4,4,4,4,4,4,4,4,4,4,4,1,70,6,2,2,
49,4,3,4,4,4,4,2,4,4,2,4,2,84,1,2,5,7
25,3,3.75,3,3,3,3,4,3,4,4,3,1,73,8,2,6,1
25,3.5,2.5,4,3,3,4,2,3,2,3,3,2,82,11,1,6,1
25,3.5,2.5,3,4,3,4,2,3,2,3,3,2,83,3,1,6,1
25,4.25,4,4,5,4,4,4,4,4,4,3,1,75,4,2,7,1
25,3.5,3.5,4,3,3,4,3,4,4,3,3,2,87,3,1,6,2
25,4.5,3.25,5,4,4,5,4,3,3,3,3,1,84,1,1,6,4
25,4,4,4,4,4,4,4,4,4,4,3,1,-9,-9,2,6,1
25,4,3.25,4,4,4,4,2,4,4,3,3,1,84,10,2,6,2
25,4,4.5,4,4,4,4,5,5,4,4,3,1,66,8,2,6,1
25,4,4,4,3,4,5,4,4,4,4,3,1,61,6,2,6,1
25,4,4,4,4,4,4,4,4,4,4,3,2,85,12,1,6,1
25,4.5,5,5,5,4,4,5,5,5,5,3,1,72,10,2,7,1
25,4.5,5,4,4,5,5,5,5,5,5,3,2,88,7,1,7,3
25,4.75,4.75,5,5,5,4,5,4,5,5,3,1,92,1,1,6,2
25,3.75,4,4,3,4,4,4,4,4,4,3,2,90,12,1,6,4
25,4.75,4,5,5,5,4,4,4,4,4,3,1,69,12,2,6,1
25,3,4.25,3,3,3,3,4,4,5,4,3,1,67,2,2,7,6
25,3,3,3,3,3,3,3,3,3,3,3,1,76,1,2,6,2
25,3,2.5,4,3,2,3,2,4,2,2,3,2,89,12,1,5,1
25,4.25,3.5,5,4,4,4,4,4,3,3,3,1,82,3,2,6,4
25,3.25,3.75,4,4,2,3,4,3,4,4,3,2,79,10,2,6,1
25,3.25,4,4,3,3,3,4,4,4,4,3,2,80,2,2,6,1
25,3,2.75,3,3,3,3,3,2,3,3,3,1,-9,-9,2,6,1
25,3.75,4,4,4,4,3,5,3,4,4,3,2,78,1,2,5,1
25,3,3.25,3,3,3,3,3,4,3,3,3,2,71,1,1,5,1
25,2.25,2.5,2,3,2,2,2,3,2,3,3,1,75,2,1,6,1
25,3.5,3.75,3,4,4,3,4,3,4,4,3,1,74,11,2,6,2
25,4.75,4,5,4,5,5,4,4,4,4,3,1,83,11,2,6,1
25,4,3.75,4,4,4,4,4,4,4,3,3,2,74,3,3,3,
25,3.5,3.75,3,4,3,4,4,3,4,4,3,1,71,12,2,4,
25,3.25,4,4,3,3,3,4,4,4,4,3,1,77,1,2,6,1
25,3.25,3.75,4,3,3,3,4,4,4,3,3,1,72,4,2,6,2
25,3.25,3,3,3,3,4,3,3,3,3,3,1,67,12,2,6,2
25,4,3.75,4,4,4,4,3,4,5,3,3,2,85,4,2,6,1
25,4,4,4,4,4,4,4,4,4,4,3,2,93,8,1,5,1
25,4,3.5,4,4,4,4,4,3,4,3,3,2,81,5,2,5,1
25,3.5,4,4,4,3,3,4,4,4,4,3,2,83,2,1,6,3
25,3.25,3,4,3,3,3,3,3,3,3,3,1,79,8,2,6,1
25,3,3.5,3,3,3,3,4,4,2,4,3,2,92,12,1,6,2
25,3,3,3,3,3,3,3,3,3,3,3,2,70,9,2,4,
25,4.5,4,4,4,5,5,4,4,4,4,3,2,85,8,2,6,1
25,4.75,3.5,4,5,5,5,4,4,2,4,3,2,81,4,2,5,1
25,4.75,4.75,5,5,4,5,4,5,5,5,3,2,75,1,2,6,1
42,4.25,4,4,5,4,4,4,4,4,4,4,1,71,11,2,6,1
42,4,4.25,4,4,4,4,5,3,5,4,4,1,88,4,1,6,1
42,3.25,4,4,3,3,3,4,4,4,4,4,1,67,12,2,6,1
42,4,4.25,4,4,4,4,5,3,4,5,4,1,71,6,2,6,7
42,3.5,3.5,4,3,4,3,4,2,4,4,4,1,81,7,2,6,7
42,3.5,4.5,4,4,3,3,5,4,5,4,4,1,80,1,2,6,1
42,3.25,4,4,3,3,3,4,4,4,4,4,1,70,1,2,6,2
42,2,3,2,2,2,2,4,2,3,3,4,1,68,5,2,6,1
42,4,3.5,4,4,4,4,4,2,4,4,4,1,83,12,2,6,2
42,3,4,3,3,3,3,5,2,5,4,4,1,94,3,1,5,3
42,2.5,3.25,3,3,2,2,4,3,3,3,4,2,89,4,1,7,3
42,4.75,4,5,5,4,5,4,4,4,4,4,1,65,4,2,7,2
42,2.75,3.5,3,2,3,3,4,2,4,4,4,1,86,3,2,6,3
42,2,4.25,3,2,2,1,5,2,5,5,4,1,80,12,2,6,3
42,4.25,4.25,4,4,5,4,4,4,5,4,4,2,89,5,1,6,2
42,2.5,3.75,3,2,3,2,4,3,4,4,4,1,80,2,2,6,3
42,4.25,4,4,4,5,4,4,4,4,4,4,1,67,1,2,6,3
42,3.25,4,3,3,3,4,4,4,4,4,4,1,68,3,2,2,
42,3.5,4,4,4,3,3,4,3,5,4,4,1,89,10,2,2,
42,2.25,3.75,3,2,2,2,4,3,4,4,4,1,86,1,2,5,3
42,4,3.5,4,4,4,4,4,3,4,3,4,1,64,7,2,5,1
42,3.25,4.25,3,3,4,3,5,3,4,5,4,1,84,1,2,3,
42,3.25,5,3,3,4,3,5,5,5,5,4,1,72,9,2,6,2
42,2.75,3,2,3,3,3,4,2,3,3,4,1,70,2,2,3,
42,2,3.5,2,2,2,2,4,3,3,4,4,1,78,1,2,6,7
42,4,3,4,4,4,4,4,2,3,3,4,1,73,12,2,4,
42,5,4.25,5,5,5,5,5,3,4,5,4,1,72,6,2,3,
42,2.5,5,4,2,2,2,5,5,5,5,4,1,68,5,2,2,
42,4,4,4,4,4,4,4,4,4,4,4,1,81,8,2,3,
42,1.75,3,3,2,1,1,3,2,4,3,4,1,79,11,3,3,
42,4,4.75,4,4,4,4,5,5,5,4,4,1,71,5,2,3,
42,2.25,2.25,2,2,4,1,2,1,4,2,4,1,84,7,1,3,
42,3,3.25,4,3,3,2,4,2,4,3,4,1,85,11,2,5,4
5,4,4,4,4,4,4,4,4,4,4,3,1,76,5,2,7,2
64,4,4,4,4,4,4,4,4,4,4,4,1,75,11,2,6,1
64,5,4.25,5,5,5,5,5,4,4,4,4,1,83,2,2,6,4
64,4.5,5,4,4,5,5,5,5,5,5,4,1,82,9,2,6,1
64,3.75,3.75,3,4,4,4,4,3,4,4,4,1,80,10,1,6,2
64,4,3.75,4,4,4,4,4,3,4,4,4,1,82,2,2,6,2
64,3.25,4,4,3,3,3,4,4,4,4,4,2,71,3,2,7,2
64,3.25,3.75,3,3,4,3,4,3,4,4,4,2,80,4,2,6,1
64,4,3.75,4,4,4,4,4,4,4,3,4,1,75,8,2,6,3
64,4,4,4,4,4,4,4,4,4,4,4,1,82,1,2,6,4
64,3.5,2.75,4,3,4,3,3,2,3,3,4,1,76,4,2,7,2
64,2.5,3.5,3,2,2,3,4,2,4,4,4,1,79,3,1,6,2
64,3.5,3,3,3,4,4,2,3,4,3,4,2,87,6,1,6,4
64,3.75,4,4,4,4,3,4,4,4,4,4,1,66,1,2,6,4
64,3,3.5,3,3,3,3,4,3,4,3,4,1,79,2,2,6,1
64,3,3.75,3,3,3,3,4,3,4,4,4,2,74,1,2,4,
64,3,3,3,3,3,3,4,2,3,3,4,1,76,12,2,6,2
64,4,3.75,4,4,4,4,4,3,4,4,4,1,71,1,2,6,1
64,4.5,3.75,4,5,4,5,4,3,4,4,4,1,78,7,2,6,1
64,4.75,4,4,5,5,5,4,4,4,4,4,1,79,2,2,6,1
64,3.75,3.5,4,4,3,4,3,3,4,4,4,1,85,8,1,6,1
64,4,4,4,4,4,4,4,4,4,4,4,2,85,10,2,6,1
64,4,4.75,4,4,4,4,5,4,5,5,4,1,80,2,2,6,2
64,3,2.25,3,3,3,3,3,1,2,3,4,1,62,9,1,3,
64,4,3,4,4,4,4,3,2,4,3,4,1,65,12,2,3,
64,3,3,3,3,3,3,3,3,3,3,4,1,61,2,1,4,
64,3.75,3.75,4,4,3,4,4,3,4,4,4,1,66,8,1,2,
64,3.25,3.75,4,4,3,2,4,3,4,4,4,1,70,5,1,4,
64,3,3,3,3,3,3,3,3,3,3,4,1,62,3,2,5,3
64,4,4,4,4,4,4,4,4,4,4,4,1,66,12,2,3,
64,3,2.75,3,4,2,3,3,2,3,3,4,1,72,1,2,2,
64,4,4,4,4,4,4,4,4,4,4,4,1,65,5,1,4,
64,3.25,3,3,3,5,2,3,3,3,3,4,1,68,2,1,3,
64,2.75,2.75,3,3,2,3,3,2,3,3,4,1,61,3,2,2,
64,4,3.75,4,4,4,4,4,4,4,3,4,1,63,3,2,5,3
64,2.75,3.25,3,3,2,3,3,3,4,3,4,1,72,2,2,3,
64,3.5,5,3,3,4,4,5,5,5,5,4,1,63,2,2,3,
64,2.5,4,3,3,2,2,4,4,4,4,4,1,89,3,2,5,3
64,5,5,5,5,5,5,5,5,5,5,4,1,90,7,1,5,3
64,4,4.5,4,4,4,4,5,4,4,5,4,1,88,1,1,5,3
64,4.25,4,5,4,4,4,4,4,4,4,4,1,90,2,1,5,3
64,3.75,3,3,4,4,4,4,2,3,3,4,1,72,2,2,3,
64,4.5,4,5,4,5,4,4,4,4,4,4,1,63,3,2,6,4
64,2.25,3.5,3,3,2,1,4,3,4,3,4,1,86,8,1,7,4
64,3.5,3.5,3,4,4,3,4,2,5,3,4,2,89,11,1,7,3
64,4,4,4,4,4,4,4,4,4,4,4,1,71,6,2,8,5
64,5,4.25,5,5,5,5,5,4,4,4,4,1,90,6,1,7,3
64,3.5,3.75,4,3,4,3,4,3,4,4,4,2,92,6,1,6,5
64,3.25,3,4,3,3,3,3,2,4,3,4,2,88,3,1,7,3
64,3,4,3,3,3,3,4,4,4,4,4,1,88,9,1,7,3
10,4,4,4,4,4,4,4,4,4,4,4,1,69,2,2,6,4
10,3,3,3,3,3,3,3,3,3,3,4,1,79,3,2,6,2
10,1.75,2.75,1,2,2,2,3,3,3,2,4,2,84,7,1,7,2
10,4.25,4,4,4,4,5,4,4,4,4,4,1,77,5,2,6,1
10,3.5,3.5,3,4,4,3,4,3,4,3,4,2,86,3,1,6,2
10,2.25,4,2,2,3,2,4,4,4,4,4,1,83,11,1,6,1
10,4,4,4,4,4,4,4,4,4,4,4,1,74,5,2,6,2
10,3.75,3.75,4,4,4,3,3,4,4,4,4,1,85,12,1,6,4
10,4,4,4,4,4,4,4,4,4,4,4,1,76,4,2,7,2
10,3.25,4,4,3,3,3,4,4,4,4,4,2,85,12,2,6,2
10,3,3.5,3,3,3,3,3,3,4,4,4,2,82,4,1,5,7
10,3.75,4,3,4,4,4,4,4,4,4,4,1,73,7,2,6,2
10,3.5,4,3,3,4,4,4,4,4,4,4,1,75,10,2,6,1
10,3.5,3.75,3,3,4,4,3,4,4,4,4,1,64,4,2,3,
10,3.75,3.5,4,4,3,4,4,3,3,4,4,1,80,5,2,7,2
10,3.5,2.75,4,3,4,3,3,2,3,3,4,1,82,9,2,6,1
10,3,4,4,3,2,3,3,4,5,4,4,1,81,10,2,6,1
10,3,3,3,3,3,3,3,3,3,3,4,1,74,6,2,6,2
10,2.5,4,3,2,2,3,4,4,4,4,4,1,86,7,1,6,1
10,2.5,4,3,2,2,3,4,4,4,4,4,1,78,8,2,6,4
10,4,4,4,4,4,4,4,4,4,4,4,1,80,1,2,7,4
10,3,3,3,3,3,3,2,4,3,3,4,1,86,8,1,7,3
10,4,4,4,4,4,4,4,4,4,4,4,1,80,10,2,7,3
10,4,4,4,4,4,4,4,4,4,4,4,1,84,9,2,7,3
10,3.5,4,3,4,3,4,4,4,4,4,4,1,68,9,2,6,3
10,5,5,5,5,5,5,5,5,5,5,4,1,84,1,2,6,4
10,3.5,4,4,3,4,3,4,4,4,4,4,1,60,9,2,6,1
10,3,4,3,3,3,3,4,4,4,4,4,1,58,9,2,2,
10,3.75,3.5,4,4,3,4,4,3,4,3,4,1,81,12,2,5,3
10,2,3.75,3,2,2,1,4,3,4,4,4,1,70,10,2,5,3
10,3,3,3,3,3,3,3,3,3,3,4,1,72,6,2,4,
10,2,4,1,2,3,2,4,4,4,4,4,1,70,9,2,3,
10,3,3,3,3,3,3,3,3,3,3,4,1,75,5,2,4,
10,4,4.25,4,4,4,4,5,4,4,4,4,1,83,3,1,2,
10,3,3.75,3,3,3,3,3,4,4,4,4,1,72,6,2,2,
10,3.25,4.25,3,4,3,3,5,4,4,4,4,1,83,7,2,4,
10,2,4,2,2,2,2,4,4,4,4,4,1,75,10,2,2,
10,3,3,3,3,3,3,3,3,3,3,4,1,73,8,2,5,3
10,2.5,3,3,2,2,3,2,4,3,3,4,1,88,5,2,6,3
10,3.5,4,4,4,3,3,4,4,4,4,4,1,81,9,2,3,
10,3,3,3,3,3,3,3,3,3,3,4,1,77,10,2,3,
10,3,3.75,3,3,3,3,3,4,4,4,4,1,72,10,2,3,
10,3.5,3.25,4,4,3,3,3,4,3,3,4,1,79,7,2,3,
10,4,4.75,4,4,4,4,5,5,4,5,4,1,75,11,2,2,
10,2,4.5,2,2,2,2,5,4,5,4,4,1,76,2,2,5,3
10,1,3,1,1,1,1,3,3,3,3,4,1,82,3,2,3,
10,2.5,4,4,3,1,2,4,4,4,4,4,1,60,5,2,5,3
10,3,4,3,3,3,3,4,4,4,4,4,1,60,11,2,3,
10,2,2.25,2,2,2,2,2,2,3,2,4,1,78,7,2,3,
10,3.25,4.75,3,4,3,3,5,5,5,4,4,1,72,7,2,2,
10,1,3.25,1,1,1,1,3,3,3,4,4,1,74,3,2,2,
10,3,3,3,3,3,3,3,3,3,3,4,1,75,11,2,3,
10,1,3,1,1,1,1,3,3,3,3,4,1,79,11,2,2,
10,2,2.5,2,2,2,2,2,3,3,2,4,1,80,9,2,3,
20,3.25,2.75,4,3,3,3,3,2,3,3,3,1,73,6,2,7,1
20,4,3.75,4,4,4,4,4,4,4,3,3,2,92,3,1,6,1
20,4,4.5,4,4,4,4,5,3,5,5,3,2,82,7,1,2,
20,4.75,4,4,5,5,5,4,4,4,4,3,2,88,4,1,6,6
20,4.5,4.75,4,4,5,5,5,4,5,5,3,1,83,1,2,7,6
20,3.75,3,4,3,4,4,4,2,3,3,3,1,91,11,1,6,6
20,4,3.5,4,4,4,4,4,3,4,3,3,2,92,3,1,6,3
20,4.75,5,4,5,5,5,5,5,5,5,3,1,72,8,2,7,6
20,4.5,3.75,4,5,5,4,4,4,4,3,3,1,77,10,2,6,2
20,4,4,4,4,4,4,4,4,4,4,3,1,89,6,1,6,3
20,3,3.25,4,2,3,3,3,3,4,3,3,1,90,11,1,6,3
20,4,3.25,3,4,5,4,4,3,3,3,3,2,90,2,1,6,3
20,4,3.25,4,4,4,4,3,3,4,3,3,2,92,7,1,5,2
20,3.75,4,4,3,4,4,4,4,4,4,3,2,90,1,2,6,3
20,2.75,3,4,2,4,1,4,1,4,3,3,2,87,4,1,6,1
20,3.75,3.75,4,3,4,4,4,3,4,4,3,1,75,10,2,7,3
20,3.5,3.25,3,3,4,4,3,3,4,3,3,2,92,10,1,6,2
20,4,4,4,4,4,4,4,4,4,4,3,1,86,5,2,6,3
20,2.75,3,3,3,3,2,3,3,3,3,3,1,90,11,1,6,2
20,3.75,3.25,4,4,4,3,3,3,4,3,3,1,82,4,2,6,6
20,4,3.75,4,4,4,4,4,4,4,3,3,1,85,7,1,6,1
20,3,3.25,3,3,3,3,4,2,4,3,3,2,84,1,2,4,
20,4.5,4,5,4,5,4,4,4,4,4,3,1,80,1,2,6,1
20,4,4,4,4,4,4,4,4,4,4,3,2,72,7,1,4,
20,3,3.75,3,3,3,3,4,3,4,4,3,1,74,2,2,6,3
20,3.5,3.5,3,3,4,4,4,3,4,3,3,2,79,10,2,5,4
20,4.25,3.75,4,4,5,4,3,3,5,4,3,2,91,2,1,6,1
20,3,3.5,3,3,3,3,4,3,4,3,3,1,68,5,2,5,4
20,4,3.5,4,4,4,4,4,3,3,4,3,2,93,2,1,6,2
20,3,3.5,3,3,3,3,4,3,3,4,3,1,69,2,2,6,3
20,3.75,3.75,4,4,3,4,4,3,4,4,3,1,85,1,2,5,2
20,3.75,4.5,4,3,5,3,5,5,4,4,3,1,78,8,2,6,3
20,3.5,3.5,3,3,4,4,4,3,4,3,3,1,84,6,2,6,3
20,4,4.75,4,4,4,4,5,5,5,4,3,1,88,10,1,6,3
20,2.5,3.75,2,2,4,2,4,3,4,4,3,1,85,1,2,6,3
20,4,4.25,4,4,4,4,4,4,5,4,3,1,83,9,1,6,3
20,4.25,3.5,4,4,4,5,4,3,4,3,3,1,90,3,1,6,3
20,4,4,4,4,4,4,4,4,4,4,3,2,87,4,1,6,3
20,4,4,4,4,4,4,4,4,4,4,3,2,93,7,1,6,3
20,4,4,4,4,4,4,4,4,4,4,3,1,74,7,2,6,3
20,2.5,3.5,2,2,3,3,4,2,4,4,3,1,79,4,1,7,3
20,2.25,3,2,3,1,3,3,2,4,3,3,1,85,2,2,6,3
20,3.5,3.75,3,4,3,4,4,4,3,4,3,2,89,7,1,6,3
20,4.5,4,4,5,4,5,4,4,4,4,3,1,86,5,1,6,3
20,3,3,3,3,3,3,3,3,3,3,3,1,76,6,1,6,3
20,4.5,4,4,4,5,5,4,4,4,4,3,1,69,9,2,6,4
20,4,4.25,4,4,4,4,4,4,5,4,3,1,86,11,1,6,3
20,3,3,3,3,3,3,3,3,3,3,3,1,91,8,1,6,3
20,2.25,2.75,2,2,3,2,3,2,3,3,3,2,86,6,1,6,3
20,2.75,3.75,3,2,3,3,4,3,4,4,3,1,84,2,2,6,3
20,3,3.75,3,3,3,3,4,3,4,4,3,2,87,3,2,6,3
20,3.75,4.25,4,3,4,4,4,4,5,4,3,1,70,10,1,6,3
60,4,4,4,4,4,4,4,4,4,4,3,1,68,7,2,6,1
60,4.5,4.25,5,5,4,4,4,4,5,4,3,1,83,10,2,6,1
60,4.75,4.5,5,5,5,4,5,4,5,4,3,1,73,3,2,6,2
60,4,4,4,4,4,4,4,4,4,4,3,1,75,4,2,7,4
60,2.25,3,3,2,2,2,4,1,4,3,3,2,83,9,1,6,1
60,4,4,4,4,4,4,4,4,4,4,3,1,80,9,2,7,4
60,4.75,5,5,5,5,4,5,5,5,5,3,1,70,3,2,6,1
60,4,5,4,4,4,4,5,5,5,5,3,1,79,1,2,6,1
60,4.5,4,5,4,5,4,4,4,4,4,3,1,77,3,2,6,1
60,4.5,4.25,5,5,4,4,4,5,4,4,3,1,79,8,2,6,3
60,4.25,4.75,5,4,4,4,5,4,5,5,3,1,78,3,2,6,1
60,4.75,5,4,5,5,5,5,5,5,5,3,1,69,10,2,6,1
60,5,5,5,5,5,5,5,5,5,5,3,1,74,10,2,5,1
60,4.75,5,5,5,5,4,5,5,5,5,3,1,84,5,2,6,1
60,4.5,4.25,5,4,4,5,4,4,5,4,3,1,86,4,1,6,2
60,4,4,4,4,4,4,4,4,4,4,3,1,82,12,1,6,2
60,3.5,3,3,4,4,3,3,3,3,3,3,2,86,2,1,6,2
60,4,3.75,4,4,4,4,3,4,4,4,3,1,78,3,2,6,2
60,3.5,4,4,3,4,3,4,4,4,4,3,1,74,9,2,6,4
60,4,4.25,4,4,4,4,4,5,4,4,3,1,76,10,2,6,4
60,4,4,4,4,4,4,4,4,4,4,3,1,71,11,1,3,
60,5,4,5,5,5,5,4,4,4,4,3,1,73,3,2,2,
60,4,4,4,4,4,4,4,4,4,4,3,1,70,2,2,5,1
60,5,4,5,5,5,5,4,4,4,4,3,1,76,1,2,4,
60,4,4,4,4,4,4,4,4,4,4,3,1,71,1,2,3,
60,4,4.25,4,4,4,4,5,3,4,5,3,1,61,7,2,3,
60,5,5,5,5,5,5,5,5,5,5,3,1,79,8,2,6,4
60,4,4,4,4,4,4,4,4,4,4,3,2,82,1,2,4,
60,3.75,5,4,4,3,4,5,5,5,5,3,1,70,8,2,5,3
60,5,4.25,5,5,5,5,4,5,4,4,3,2,96,11,1,4,
60,4,4,4,4,4,4,4,4,4,4,3,1,72,10,1,2,
60,4.75,4.75,4,5,5,5,5,5,5,4,3,1,78,7,2,5,3
60,3.75,4,4,4,4,3,4,4,4,4,3,1,62,1,2,2,
60,3.5,4.5,3,4,4,3,5,4,5,4,3,1,71,11,2,3,
60,4,4,4,4,4,4,4,4,4,4,3,1,68,9,2,4,
60,3.5,4.5,3,4,4,3,5,4,5,4,3,1,70,1,2,3,
60,4,3.75,4,4,4,4,5,4,3,3,3,1,80,10,2,3,
60,3.25,4.75,3,3,3,4,5,5,5,4,3,1,68,8,2,3,
60,3.5,4.25,4,3,3,4,5,4,4,4,3,1,78,7,2,7,2
60,3,3,3,3,3,3,3,3,3,3,3,1,83,4,2,3,
60,2,4,2,2,2,2,4,4,4,4,3,1,59,12,2,2,
60,3,3,3,3,3,3,3,3,3,3,3,1,64,8,2,3,
60,3.5,4,4,4,3,3,5,3,4,4,3,1,73,12,1,4,
60,4.5,4,4,4,5,5,4,4,4,4,3,1,72,2,2,8,4
60,4,4,4,4,4,4,4,4,4,4,3,1,88,2,1,6,2
60,4,5,4,4,4,4,5,5,5,5,3,1,84,7,1,5,3
60,2.75,3.5,2,3,3,3,3,4,4,3,3,1,98,9,1,7,4
60,4.25,3.75,4,4,5,4,4,4,3,4,3,1,77,9,2,6,2
-9,3.75,4.75,4,4,4,3,4,5,5,5,3,1,76,5,2,6,4
-9,4,4,4,5,4,3,4,4,4,4,3,1,75,5,2,6,2
-9,4,4,4,4,4,4,4,4,4,4,3,1,88,11,1,6,2
-9,3.75,4.5,4,4,3,4,5,4,5,4,3,1,86,7,2,6,2
-9,4.25,4.5,5,4,4,4,5,4,4,5,3,1,86,9,1,6,2
-9,4,4,4,5,4,3,4,4,4,4,3,1,75,2,2,5,1
-9,4,4,4,4,4,4,4,4,4,4,3,1,86,4,2,6,2
-9,4.25,4,4,5,4,4,4,3,5,4,3,1,81,4,2,4,
-9,3.5,4,3,4,4,3,4,4,4,4,3,1,78,1,2,6,4
43,5,4,5,5,5,5,4,4,4,4,4,1,75,3,2,6,1
16,4,4,4,4,4,4,4,4,4,4,3,1,82,5,2,6,1
10,4.75,5,5,5,4,5,5,5,5,5,4,1,66,8,2,6,1
10,3.75,3,3,4,4,4,4,2,3,3,4,1,75,7,2,6,1
10,3,4.5,3,3,3,3,5,4,4,5,4,1,69,7,1,6,2
10,3,3,3,3,3,3,3,3,3,3,4,2,73,8,2,4,
10,3.75,3.75,4,4,3,4,4,3,4,4,4,1,81,7,2,6,3
10,3,3.75,3,3,3,3,4,3,4,4,4,1,73,1,2,6,2
10,2,2.75,3,3,1,1,3,2,3,3,4,1,-9,-9,1,6,2
10,4,4,4,4,4,4,4,4,4,4,4,1,71,9,2,6,2
10,5,5,5,5,5,5,5,5,5,5,4,1,70,11,2,7,1
10,3,3.75,4,4,2,2,4,2,5,4,4,1,81,11,2,6,1
10,5,4,5,5,5,5,4,4,4,4,4,1,83,4,2,6,2
10,3.5,3,4,4,3,3,3,3,3,3,4,2,87,2,1,6,2
10,4,4,4,4,4,4,4,4,4,4,4,1,72,10,2,6,2
10,3.25,3.5,3,3,3,4,3,3,4,4,4,1,88,11,2,6,1
10,3,3,3,3,3,3,3,3,3,3,4,2,79,12,2,7,1
10,4,3,4,4,4,4,3,3,3,3,4,2,82,9,2,4,
10,4,4,4,4,4,4,4,4,4,4,4,2,74,9,2,6,1
10,3.75,4.5,4,3,4,4,4,4,5,5,4,2,75,-9,2,7,1
10,3.5,4,4,3,3,4,4,4,4,4,4,2,85,4,2,6,2
10,4.25,5,4,4,5,4,5,5,5,5,4,2,82,11,2,6,6
10,3,2.75,3,2,4,3,3,2,3,3,4,2,77,-9,1,6,1
10,4,4,4,4,4,4,4,4,4,4,4,2,74,5,2,6,6
10,3,2.75,4,3,3,2,3,2,3,3,4,2,77,12,1,6,1
10,3,3.25,3,3,3,3,3,4,3,3,4,2,89,9,1,6,2
10,3.25,3.75,3,3,3,4,4,4,3,4,4,2,85,10,2,6,1
10,3.75,4.5,4,4,3,4,4,5,5,4,4,1,67,6,2,6,2
10,4.25,4.75,4,4,5,4,5,4,5,5,4,1,85,11,2,6,1
10,3,4,3,3,3,3,4,4,4,4,4,1,70,-9,2,6,2
10,3.25,4,3,3,3,4,4,4,4,4,4,2,83,9,2,5,2
10,4,4,4,4,4,4,4,4,4,4,4,2,90,10,1,6,1
10,4,3.75,4,4,4,4,4,3,4,4,4,2,87,10,1,6,1
10,4,4,4,4,4,4,4,3,5,4,4,1,82,2,2,6,1
10,4,3,4,4,4,4,3,3,3,3,4,1,83,2,2,6,2
10,4,4,4,4,4,4,4,4,4,4,4,1,81,9,2,6,1
10,4,3.25,4,4,4,4,4,3,3,3,4,2,81,2,1,6,1
10,3.5,4.75,4,3,4,3,4,5,5,5,4,1,69,4,2,6,2
10,3.25,4,4,3,3,3,4,4,4,4,4,1,73,10,2,6,2
10,3,3.5,3,3,3,3,4,3,4,3,4,1,79,3,2,6,1
10,3.25,3,3,3,3,4,3,3,3,3,4,2,79,10,2,4,
10,5,4.75,5,5,5,5,5,4,5,5,4,1,85,1,2,6,2
10,4.25,3.75,4,5,4,4,4,3,4,4,4,2,88,9,1,6,3
10,1.5,2.75,1,1,3,1,2,2,4,3,4,2,88,5,1,6,1
10,3.25,3,3,3,4,3,3,3,3,3,4,2,67,2,2,6,2
10,2.75,4,3,3,3,2,4,4,4,4,4,1,73,3,2,6,1
10,4,3.5,4,4,4,4,3,4,4,3,4,1,68,10,2,6,1
10,3,2.75,3,3,3,3,3,2,3,3,4,2,88,3,2,6,1
10,4.75,4,4,5,5,5,4,4,4,4,4,2,82,9,1,5,1
10,4,4,4,4,4,4,4,4,4,4,4,1,68,1,2,6,3
10,3.75,3.75,4,3,4,4,4,4,3,4,4,1,67,11,2,6,2
10,3.5,4.25,4,3,4,3,4,4,5,4,4,1,73,7,2,6,1
10,3.25,3,3,3,4,3,2,3,4,3,4,1,88,3,1,6,2
10,3.25,4,4,3,3,3,4,4,4,4,4,2,85,11,1,5,1
10,3.5,3.25,4,3,4,3,2,4,4,3,4,1,70,2,2,7,1
25,4,3.75,4,4,4,4,4,3,4,4,3,1,70,2,2,6,2
25,3.75,4,4,3,4,4,4,4,4,4,3,2,80,11,2,6,1
25,5,5,5,5,5,5,5,5,5,5,3,2,82,8,1,6,1
25,2.5,2.75,3,2,2,3,3,3,2,3,3,2,80,2,2,4,
151,5,4,5,5,5,5,4,4,4,4,4,1,75,5,2,7,1
151,5,4,5,5,5,5,4,4,4,4,4,1,84,2,2,6,1
151,4.5,3.5,4,4,5,5,4,2,4,4,4,2,87,11,1,6,2
151,5,4.75,5,5,5,5,5,5,5,4,4,2,90,9,2,6,4
151,4,4.75,4,4,4,4,5,5,5,4,4,2,85,12,1,6,1
151,5,5,5,5,5,5,5,5,5,5,4,1,81,1,2,6,2
151,4.75,4,4,5,5,5,4,4,4,4,4,2,89,1,2,6,3
151,4.75,5,4,5,5,5,5,5,5,5,4,1,72,10,2,6,1
151,4.25,4.75,4,4,5,4,5,5,5,4,4,1,72,4,2,6,2
151,4,4.5,4,4,4,4,5,4,4,5,4,1,81,3,2,6,1
151,4.75,5,4,5,5,5,5,5,5,5,4,1,80,1,2,6,2
151,5,4,5,5,5,5,3,5,5,3,4,1,74,9,2,7,3
151,4,3.75,4,4,4,4,4,4,4,3,4,1,83,6,1,6,3
151,4.75,4,4,5,5,5,4,4,4,4,4,1,80,1,2,6,3
151,4,4,4,4,4,4,4,4,4,4,4,1,82,2,1,6,2
151,4,4,4,4,4,4,4,4,4,4,4,1,86,10,1,6,2
151,4.5,5,5,4,5,4,5,5,5,5,4,1,76,11,2,6,1
151,4.25,4,4,4,5,4,4,4,4,4,4,1,82,3,2,6,2
151,4,4,4,4,4,4,4,4,4,4,4,1,75,4,2,6,1
20,3.25,3.5,3,3,4,3,4,3,4,3,3,1,82,12,2,6,2
107,3.5,4,3,3,4,4,4,4,4,4,3,2,78,8,2,6,1
107,3,3.25,3,3,3,3,3,3,4,3,3,2,91,8,2,5,2
107,3.25,3,4,3,3,3,3,3,3,3,3,2,85,9,2,6,2
107,4,4,4,4,4,4,4,4,4,4,3,2,88,2,2,6,1
107,3,4,3,3,3,3,4,4,4,4,3,2,87,4,2,5,1
107,4.25,4.25,3,4,5,5,5,2,5,5,3,2,95,2,1,5,4
107,3.5,3.75,3,3,4,4,4,3,4,4,3,1,70,10,2,7,2
107,2.75,3,2,2,3,4,3,2,4,3,3,2,93,11,1,7,1
107,3.5,3.75,4,3,4,3,4,3,4,4,3,2,93,3,1,6,1
107,4,3.75,4,4,4,4,4,3,4,4,3,1,86,1,1,6,2
107,4,3.75,4,4,4,4,4,3,4,4,3,1,82,1,2,6,1
107,4.5,5,4,5,5,4,5,5,5,5,3,1,80,1,2,6,3
107,4,4,4,4,4,4,4,4,4,4,3,2,87,9,1,6,2
107,4.75,4.75,4,5,5,5,5,4,5,5,3,1,83,9,2,6,6
107,4.25,4,4,4,5,4,4,4,4,4,3,2,86,12,2,6,6
107,4.5,3.75,5,4,4,5,4,3,4,4,3,1,80,7,2,6,3
107,4,3.25,4,4,4,4,4,1,5,3,3,2,88,5,1,6,3
107,3.25,3.25,4,3,3,3,4,3,3,3,3,1,89,2,1,6,2
107,4.5,5,5,4,5,4,5,5,5,5,3,1,84,1,2,6,1
107,4,3.5,4,4,4,4,4,3,3,4,3,2,83,1,2,6,2
107,4,4,4,4,4,4,4,4,4,4,3,1,70,1,2,6,3
107,5,4.75,5,5,5,5,5,4,5,5,3,1,75,4,2,6,3
107,4,4.75,3,5,4,4,5,5,5,4,3,1,87,1,2,5,3
107,3,2.5,3,3,3,3,3,2,2,3,3,1,77,4,2,6,3
107,4,4,4,4,4,4,4,4,4,4,3,1,77,10,1,5,3
107,3.75,4,4,4,3,4,4,4,4,4,3,1,74,4,2,3,
107,4,3.75,4,4,4,4,4,4,3,4,3,1,70,4,2,6,1
107,4.25,5,4,4,5,4,5,5,5,5,3,1,70,11,2,3,
107,4.75,3.25,4,5,5,5,4,2,4,3,3,1,81,9,1,5,3
107,4,4,4,4,4,4,5,3,4,4,3,1,72,11,2,3,
107,5,4,5,5,5,5,4,4,4,4,3,1,76,7,2,4,
107,3.75,4.25,4,4,3,4,4,4,5,4,3,1,76,1,2,3,
107,3.75,3.75,3,4,4,4,5,3,4,3,3,1,93,6,1,2,
107,3.25,2.5,3,3,3,4,3,1,3,3,3,1,83,6,1,4,
107,4.5,3.25,5,4,4,5,4,2,4,3,3,1,81,11,1,3,
107,4,3,4,4,4,4,3,2,4,3,3,1,74,10,2,3,
107,4,4,4,4,4,4,4,4,4,4,3,1,74,8,2,5,3
107,3.75,3,3,4,4,4,3,3,3,3,3,1,79,11,2,5,3
107,4,2.75,4,4,4,4,3,1,4,3,3,1,78,12,2,3,
107,4,3.25,5,4,4,3,3,3,4,3,3,2,87,1,1,4,
107,3.5,1.75,4,4,3,3,3,1,1,2,3,2,94,12,1,4,
107,4,4,4,4,4,4,4,4,4,4,3,2,98,3,1,3,
107,3,3.25,3,3,3,3,3,2,5,3,3,1,89,8,2,3,
107,4.5,3.25,5,4,5,4,3,3,4,3,3,2,88,11,1,4,
107,3.75,3,4,3,4,4,3,3,3,3,3,2,95,11,1,3,
107,3.25,3.25,3,3,4,3,3,3,4,3,3,1,71,10,2,5,3
107,3.5,4,4,4,3,3,4,4,4,4,3,2,88,2,1,4,
107,4,4,4,4,4,4,4,4,4,4,3,1,83,11,2,3,
107,4.25,4,4,4,4,5,4,4,4,4,3,1,72,7,2,4,
107,4,3,4,4,4,4,3,3,3,3,3,1,86,8,1,4,
107,3.75,4,4,3,4,4,4,4,4,4,3,2,87,6,1,4,
107,4.25,3.5,5,4,4,4,3,4,4,3,3,2,87,2,1,2,
107,4,4,4,4,4,4,4,4,4,4,3,2,72,4,2,4,
107,3.75,3.5,4,4,4,3,4,3,4,3,3,1,83,2,2,5,3
107,4,3.5,4,4,4,4,4,3,4,3,3,1,75,11,2,3,
107,4,4,4,4,4,4,4,4,4,4,3,1,79,8,2,2,
107,2.75,3.5,2,3,3,3,4,3,4,3,3,1,98,9,1,4,
107,4,3.75,4,4,4,4,4,3,4,4,3,1,82,7,2,3,
107,4.5,4.25,4,5,5,4,4,4,5,4,3,2,82,1,1,4,
124,4,4,4,4,4,4,4,4,4,4,4,1,75,1,2,6,2
124,3,3.25,3,3,4,2,3,3,4,3,4,1,74,1,2,6,1
124,1,1.75,1,1,1,1,1,1,4,1,4,1,86,2,1,6,1
124,3.5,3.75,5,4,3,2,4,2,5,4,4,1,80,9,2,6,1
124,3.25,3.75,3,3,3,4,3,4,4,4,4,1,82,6,2,6,1
124,2.5,4,4,2,2,2,4,4,4,4,4,1,82,8,2,6,2
124,2.75,2.5,2,3,3,3,3,2,3,2,4,1,84,11,1,6,2
124,4.25,4,4,4,5,4,4,4,4,4,4,1,66,12,2,6,3
124,3.5,3.75,4,3,4,3,4,3,4,4,4,1,71,9,2,6,2
124,3.75,4,4,4,4,3,4,4,4,4,4,1,77,1,2,6,3
124,3.75,4,4,3,4,4,4,4,4,4,4,1,60,3,2,6,3
124,3.5,3.75,4,3,4,3,4,3,4,4,4,1,86,2,1,6,2
124,4,3.75,4,4,4,4,4,3,4,4,4,1,75,12,2,7,7
124,2.5,3.25,3,2,2,3,3,3,4,3,4,1,66,9,2,6,3
124,3.75,3.5,4,4,4,3,4,3,4,3,4,1,75,10,1,6,2
124,4,3.75,4,4,4,4,4,4,4,3,4,2,93,3,1,6,2
124,2.75,4,2,3,3,3,4,3,5,4,4,1,79,5,2,6,1
124,3.5,4.25,4,3,4,3,4,5,4,4,4,1,70,2,2,6,3
124,3.75,3.75,4,4,4,3,4,3,4,4,4,1,68,6,2,6,3
124,3.75,3.75,4,4,4,3,4,3,4,4,4,1,84,7,2,6,3
124,4,4,4,4,4,4,4,4,4,4,4,1,81,5,2,6,3
124,3.25,2.75,4,3,3,3,3,2,3,3,4,1,81,8,2,6,3
124,4.25,4,4,4,5,4,4,4,4,4,4,1,68,11,2,6,3
124,3.75,4,4,4,4,3,4,4,4,4,4,1,70,8,2,6,3
124,4,3.75,4,4,4,4,4,3,4,4,4,1,73,11,2,2,
124,4,4,4,4,4,4,4,4,4,4,4,1,75,8,2,3,
124,4,3.25,4,4,4,4,4,3,3,3,4,1,78,10,3,5,3
124,4,3.5,4,4,4,4,4,3,4,3,4,1,73,1,2,3,
124,4,3.5,4,4,4,4,4,2,4,4,4,1,72,12,2,3,
124,3,3,3,3,3,3,3,3,3,3,4,1,72,12,2,2,
124,4,3.75,4,4,4,4,4,3,4,4,4,1,73,8,2,5,3
124,4,3.5,4,4,4,4,4,3,4,3,4,1,76,1,2,2,
124,3,3,3,3,3,3,3,3,3,3,4,1,70,7,2,3,
124,2.75,3.25,2,3,3,3,3,4,3,3,4,1,74,11,2,3,
124,2,1.5,1,2,2,3,1,1,2,2,4,1,79,12,2,2,
124,2.25,3.5,1,2,3,3,3,4,3,4,4,1,68,6,2,3,
124,2.25,3,2,2,3,2,4,2,3,3,4,1,67,1,2,3,
124,4.25,3.75,4,4,5,4,4,4,4,3,4,1,81,5,2,5,1
124,3.75,3,4,4,4,3,3,3,3,3,4,1,72,12,2,3,
124,3.25,3,3,3,4,3,3,3,3,3,4,1,72,10,2,3,
124,3.5,3.25,4,4,3,3,3,4,3,3,4,1,71,2,2,2,
124,3,4,3,3,3,3,4,4,4,4,4,1,78,12,2,5,3
124,1.25,3,2,1,1,1,3,3,3,3,4,1,74,8,2,2,
124,3.25,4,3,3,4,3,4,4,4,4,4,1,70,9,2,5,5
124,2.75,3.5,3,2,3,3,4,3,3,4,4,1,69,3,2,3,
124,2.25,4,3,2,2,2,4,4,4,4,4,1,70,7,2,3,
124,2.75,4.5,3,3,3,2,4,4,5,5,4,1,68,5,2,2,
124,4,3.75,4,4,4,4,4,3,4,4,4,1,70,2,2,2,
124,3.5,3.5,3,4,4,3,4,3,4,3,4,1,79,12,2,2,
124,4.5,3.5,5,4,4,5,4,3,4,3,4,1,71,2,2,4,
124,1.75,3.5,2,2,1,2,4,3,3,4,4,1,69,10,2,5,1
124,3,4,3,3,3,3,4,4,4,4,4,1,82,3,2,5,3
124,2.5,3,2,3,3,2,3,3,3,3,4,1,80,8,2,1,
124,3.25,3,3,4,3,3,3,3,3,3,4,1,85,6,2,5,3
124,4,4,4,4,4,4,4,4,4,4,4,1,73,12,2,3,
124,3,4.75,3,3,3,3,4,5,5,5,4,1,66,12,2,3,
124,3.25,3.5,3,4,3,3,3,3,4,4,4,1,60,7,-9,2,
124,3.75,5,4,4,4,3,5,5,5,5,4,1,57,10,2,3,
124,3,3.5,3,3,3,3,4,3,3,4,4,1,65,5,2,3,
124,3.25,3.25,3,3,4,3,4,2,4,3,4,1,67,7,2,1,
124,3,4,3,3,3,3,4,4,4,4,4,1,55,7,2,4,
124,2,3,2,2,2,2,4,2,3,3,4,1,70,9,2,3,
124,3,3.25,3,3,3,3,3,3,4,3,4,1,82,8,2,5,3
124,4,3.75,4,3,4,5,4,3,4,4,4,1,82,12,2,5,3
124,3,4,3,3,4,2,4,4,4,4,4,1,59,1,2,1,
124,4,4,4,4,4,4,4,4,4,4,4,1,84,2,2,2,
124,2.5,4,2,2,3,3,4,4,4,4,4,1,73,12,2,5,4
20,5,4,5,5,5,5,4,4,4,4,4,1,82,5,2,6,1
20,5,5,5,5,5,5,5,5,5,5,4,1,84,9,2,6,4
20,4.75,5,5,4,5,5,5,5,5,5,4,1,87,7,1,6,2
20,5,4.5,5,5,5,5,5,4,5,4,4,2,89,9,1,6,1
20,5,5,5,5,5,5,5,5,5,5,4,2,90,1,1,6,1
20,4,4,4,4,4,4,4,4,4,4,4,1,86,10,1,6,2
40,4,3.5,4,4,4,4,4,3,4,3,4,1,83,2,2,6,2
85,4,4,4,4,4,4,4,4,4,4,4,1,70,5,2,6,2
56,3.5,4.25,4,3,4,3,4,5,4,4,4,1,67,8,2,6,2
56,3,4,3,3,3,3,4,4,4,4,4,1,76,1,2,6,3
56,2.5,3.75,3,2,3,2,4,4,4,3,4,1,87,9,2,6,2
56,2.25,3,3,2,2,2,3,3,3,3,4,1,85,6,2,6,1
56,3.25,4,3,3,4,3,4,4,4,4,4,1,89,3,1,6,2
56,3.5,4,4,4,3,3,4,4,4,4,4,1,72,9,2,6,3
56,2,4,2,2,2,2,4,4,4,4,4,1,87,11,1,6,1
56,2.25,3.75,3,2,2,2,4,4,4,3,4,2,87,3,2,6,1
56,3,4.25,3,3,3,3,4,5,4,4,4,1,98,6,1,6,2
56,2,3.5,2,2,2,2,3,4,4,3,4,1,81,9,1,6,2
56,3,3,3,3,3,3,3,3,3,3,4,1,75,7,2,6,1
56,4.25,4.75,4,4,5,4,4,5,5,5,4,1,68,8,2,6,1
56,3.75,3.75,3,4,4,4,4,3,4,4,4,1,76,10,2,6,4
56,3.25,4,3,3,3,4,4,4,4,4,4,1,82,7,2,6,3
56,3,3.75,3,3,3,3,4,4,3,4,4,2,79,9,2,4,
56,3,3.75,4,3,2,3,4,3,4,4,4,1,80,2,2,3,
56,3.75,3.75,4,4,4,3,4,4,4,3,4,1,79,2,2,6,3
56,3.5,4,4,3,4,3,4,4,4,4,4,1,74,1,2,7,3
56,3.25,3.25,4,3,3,3,3,4,3,3,4,1,85,12,2,6,3
56,2,4,2,2,2,2,4,4,4,4,4,1,83,1,2,5,3
56,3.25,3.5,4,3,3,3,3,4,4,3,4,1,83,2,2,6,3
56,4,4,4,4,4,4,4,4,4,4,4,2,80,4,2,4,
56,3.75,4,4,3,4,4,4,4,4,4,4,1,71,10,2,6,3
56,4,4,4,4,4,4,4,4,4,4,4,1,78,10,2,3,
56,3.75,3.75,4,4,4,3,4,4,4,3,4,1,80,6,2,2,
56,3.5,3.25,4,4,3,3,4,3,3,3,4,1,78,4,2,3,
56,3.5,3,4,3,4,3,2,5,4,1,4,1,79,1,2,3,
56,3,3,3,3,3,3,3,3,3,3,4,1,80,11,2,3,
56,3.5,4,4,3,4,3,4,4,4,4,4,1,75,8,2,6,3
56,4,4,4,4,4,4,4,4,4,4,4,1,89,7,1,6,3
56,3.5,3.75,3,4,3,4,4,3,4,4,4,1,85,3,1,2,
56,2,2.75,2,2,2,2,2,4,3,2,4,1,87,1,1,6,3
56,3.5,3.75,4,4,3,3,4,4,4,3,4,1,91,2,1,6,3
91,4.5,5,4,4,5,5,5,5,5,5,4,1,72,9,2,7,2
91,4,4.75,4,4,4,4,5,4,5,5,4,1,83,1,1,6,1
91,3.25,3.25,4,3,3,3,3,3,4,3,4,1,80,5,1,6,2
91,2.75,3,3,3,2,3,3,3,3,3,4,2,85,9,1,7,1
91,3.25,3.5,3,3,3,4,4,3,3,4,4,1,88,7,1,6,2
91,5,4,5,5,5,5,4,4,4,4,4,1,84,3,2,6,1
91,4,4,4,4,4,4,4,4,4,4,4,1,65,11,2,6,3
91,3.75,3.75,4,3,4,4,4,3,4,4,4,1,77,10,2,6,3
91,4,3.75,4,4,4,4,4,3,4,4,4,1,87,7,2,6,3
91,3,3,3,3,3,3,3,3,3,3,4,1,88,1,2,6,3
91,3.75,3.5,4,4,4,3,4,4,3,3,4,1,60,7,2,5,3
91,3.5,3,4,3,4,3,4,2,3,3,4,1,65,2,2,2,
60,4.25,4.75,4,4,5,4,5,4,5,5,4,1,71,2,2,6,3
60,4.25,3.5,5,4,4,4,3,4,4,3,4,1,69,5,2,6,3
60,3.25,3,4,3,3,3,3,3,3,3,4,1,59,7,2,3,
60,2.75,3.5,3,2,3,3,4,3,3,4,4,1,62,9,2,3,
60,3.5,4,3,4,3,4,4,4,4,4,4,1,73,2,2,3,
60,4,4,4,4,4,4,4,4,4,4,4,1,85,9,2,5,3
60,4.5,4.25,4,5,5,4,4,4,4,5,4,1,62,2,2,5,3
60,3.25,4,3,4,3,3,4,4,4,4,4,1,66,12,2,3,
60,4,4,4,4,4,4,4,4,4,4,4,1,89,12,1,5,3
60,2,3.75,2,2,2,2,4,3,4,4,4,1,61,4,2,5,3
60,3.25,3.75,4,3,3,3,4,3,4,4,4,1,60,1,2,5,3
60,2.5,2.5,2,2,4,2,2,2,3,3,4,1,75,6,2,5,3
60,4,3,4,4,4,4,3,3,3,3,4,1,76,8,2,6,3
60,2.75,3,3,3,3,2,4,2,3,3,4,1,59,4,2,3,
60,3,3,3,3,3,3,3,3,3,3,4,1,66,3,2,3,
60,3.5,3.25,3,3,4,4,4,3,3,3,4,1,73,10,2,5,3
60,4,4.75,4,4,4,4,5,5,5,4,4,1,67,8,2,3,
60,2.75,3.5,2,3,4,2,4,3,4,3,4,1,65,5,2,5,3
60,1,2.5,1,1,1,1,2,3,3,2,4,1,63,1,2,3,
60,3,2.75,3,4,2,3,4,1,3,3,4,1,68,11,2,3,
60,4,3.25,4,4,4,4,3,3,4,3,4,1,80,5,2,2,
60,2.25,3.75,3,2,2,2,4,3,4,4,4,1,60,6,2,3,
60,1,3.5,1,1,1,1,4,3,3,4,4,1,67,2,2,3,
60,3.5,4,3,3,4,4,4,4,4,4,4,1,73,7,2,7,3
60,3.5,3.5,3,3,4,4,3,4,4,3,4,1,85,5,1,7,3
60,2.75,4.25,1,2,5,3,4,4,5,4,4,1,83,6,2,7,3
60,4,4,4,4,4,4,4,4,4,4,4,1,82,1,2,7,3
60,3.25,3.75,4,3,3,3,4,4,4,3,4,1,82,1,2,7,3
60,4.75,4,4,5,5,5,4,4,4,4,4,1,82,1,2,7,3
60,5,5,5,5,5,5,5,5,5,5,4,1,70,8,2,7,3
60,3.5,3,4,3,4,3,4,2,3,3,4,2,82,2,1,6,3
60,3,4,4,2,4,2,4,4,4,4,4,1,84,9,2,7,3
60,2.75,3.25,2,3,4,2,4,2,3,4,4,1,83,12,1,7,3
60,3.75,3.75,4,3,4,4,4,3,4,4,4,1,85,6,2,7,3
60,2.5,3.5,4,2,2,2,3,4,5,2,4,1,87,1,1,7,3
60,4,3.25,4,4,4,4,3,4,3,3,4,1,71,1,1,6,2
60,4,4,4,3,5,4,5,4,2,5,4,1,84,1,2,6,3
60,4.25,3.75,4,4,5,4,4,3,4,4,4,1,83,11,2,6,3
60,4,3.75,4,4,4,4,4,3,4,4,4,1,82,11,2,6,2
60,4.25,3.5,4,4,4,5,4,2,4,4,4,1,78,7,2,7,2
60,4,3.75,4,4,4,4,4,3,4,4,4,1,73,7,2,6,3
60,3,3.5,4,2,3,3,4,3,3,4,4,1,75,6,2,6,2
60,2.5,3.25,2,3,2,3,4,2,4,3,4,1,85,2,1,6,1
60,3.5,3.5,3,3,4,4,4,2,5,3,4,1,81,8,2,6,3
60,4,3.25,4,4,4,4,3,3,4,3,4,2,87,7,2,6,3
60,5,4.75,5,5,5,5,5,5,5,4,4,1,83,3,2,6,2
60,4,4,4,4,4,4,4,4,4,4,4,1,79,4,2,6,3
60,5,4,5,5,5,5,4,4,4,4,4,1,70,10,2,6,1
60,1.25,4.25,2,1,1,1,4,4,5,4,4,1,77,10,2,7,1
60,4.5,4,4,4,5,5,4,3,5,4,4,1,83,3,2,6,2
60,4.5,3.25,4,5,5,4,3,3,4,3,4,2,82,4,2,6,3
60,4,3.5,3,4,4,5,4,3,3,4,4,2,77,9,2,6,2
60,4.25,4,4,4,5,4,5,3,4,4,4,1,66,-9,2,6,2
60,1.5,2.25,1,1,3,1,4,1,3,1,4,1,88,1,1,6,1
60,4.75,4,5,5,5,4,4,4,4,4,4,2,83,5,2,6,2
60,2.75,3,3,2,3,3,3,3,3,3,4,2,84,11,2,6,1
60,4.5,3.75,4,5,5,4,4,4,4,3,4,2,80,8,2,7,2
60,2,2,2,2,2,2,2,1,3,2,4,1,85,11,2,6,2
30,4,4,4,4,4,4,4,4,4,4,3,1,75,12,2,6,3
30,5,5,5,5,5,5,5,5,5,5,3,1,92,2,1,6,3
30,2.75,3,2,2,4,3,4,2,3,3,3,1,88,8,1,6,3
30,4,3.75,4,4,4,4,4,3,4,4,3,1,80,10,2,7,3
30,2.5,2.75,2,3,2,3,3,2,3,3,3,1,71,11,2,6,1
30,3.75,3.25,3,4,4,4,3,3,3,4,3,1,89,6,1,6,1
30,5,5,5,5,5,5,5,5,5,5,3,1,84,9,1,6,2
30,2.5,3.75,2,3,2,3,4,2,5,4,3,1,86,2,1,7,2
30,4,4,4,4,4,4,4,4,4,4,3,1,70,6,2,8,4
30,4,3.5,4,4,4,4,3,4,4,3,3,1,74,12,2,5,1
30,4,4,4,4,4,4,4,4,4,4,3,1,76,2,2,6,3
30,4,4.25,4,4,5,3,5,4,4,4,3,1,73,1,2,7,3
30,3.5,4,3,3,5,3,4,4,4,4,3,1,64,10,2,5,3
30,3,3.25,3,3,3,3,4,2,4,3,3,1,84,6,2,6,3
30,3.75,3.25,4,3,4,4,3,3,4,3,3,1,71,9,1,5,3
30,3.25,2.75,3,3,4,3,3,1,4,3,3,2,82,12,2,6,3
30,2.75,3.5,2,3,3,3,4,2,4,4,3,1,69,5,2,5,3
30,3.75,3.5,3,4,4,4,4,3,4,3,3,1,83,6,2,5,3
30,3,3.75,3,3,3,3,4,2,5,4,3,1,89,8,2,6,3
30,4,4,4,4,4,4,4,4,4,4,3,1,90,10,1,6,3
30,4,3.75,4,4,4,4,4,3,4,4,3,1,71,2,2,5,3
30,4,3.25,4,4,4,4,4,3,3,3,3,1,79,6,2,2,
30,4,4,4,4,4,4,4,4,4,4,3,1,85,10,2,3,
30,2.75,5,3,3,3,2,5,5,5,5,3,1,70,3,2,5,1
30,4,4,4,4,4,4,4,4,4,4,3,1,84,2,1,2,
30,5,4.25,5,5,5,5,5,4,4,4,3,1,82,6,2,2,
30,4,3.25,4,4,4,4,3,3,4,3,3,1,92,11,1,2,
30,3.75,4,4,4,4,3,4,4,4,4,3,1,71,5,3,3,
30,3.75,3.25,4,4,4,3,3,4,4,2,3,1,74,5,2,6,1
30,3.75,3.75,4,3,4,4,3,3,5,4,3,1,85,9,1,6,3
30,2.75,3.25,3,3,2,3,4,3,3,3,3,1,86,12,2,6,4
30,3.75,2.25,4,4,4,3,2,3,1,3,3,1,80,10,2,6,2
30,3.25,3.75,4,3,3,3,4,3,4,4,3,1,74,4,2,3,
30,4,3.75,4,4,4,4,4,4,4,3,3,1,88,6,2,3,
30,3.25,4,3,4,3,3,4,4,4,4,3,1,89,5,1,5,2
30,1.25,2.75,1,2,1,1,2,3,3,3,3,1,91,1,1,2,
30,3,3,3,3,3,3,3,3,3,3,3,1,93,5,1,3,
30,3.25,3.75,4,3,3,3,4,4,4,3,3,1,72,1,1,4,
30,2.5,3.75,3,3,2,2,4,4,4,3,3,1,77,3,2,2,
30,3.25,4,4,3,3,3,4,4,4,4,3,1,78,11,1,5,3
30,2.25,3.5,3,2,2,2,3,4,3,4,3,1,94,9,1,2,
8,3.75,3.75,4,4,3,4,4,3,4,4,3,1,80,11,2,6,2
22,4.75,4,4,5,5,5,4,4,4,4,4,1,66,10,2,7,3
22,4,4,4,4,4,4,4,4,4,4,4,2,90,4,1,6,1
22,4.5,4.25,4,5,5,4,4,4,5,4,4,2,75,8,2,6,7
22,3.25,4,3,3,4,3,4,4,4,4,4,1,74,8,2,7,3
22,3.5,4,3,3,4,4,4,4,4,4,4,1,76,12,2,6,3
22,3.75,4,4,4,3,4,4,4,4,4,4,1,75,7,2,7,3
22,3.75,4,4,3,4,4,4,4,4,4,4,1,67,5,2,7,3
22,4.75,4,4,5,5,5,4,4,4,4,4,1,70,3,2,6,3
22,3.5,3,4,3,3,4,3,3,3,3,4,1,69,2,2,7,3
22,4.25,4,4,5,4,4,4,4,4,4,4,1,66,2,2,7,2
22,3.75,3.5,4,4,3,4,3,4,4,3,4,1,71,2,2,7,2
22,4,4,4,4,4,4,4,4,4,4,4,2,73,3,2,6,1
22,3.75,2.5,3,4,4,4,3,2,2,3,4,1,79,3,2,7,2
22,3.75,3.25,4,4,3,4,3,3,4,3,4,2,72,3,2,6,1
22,4,3,4,4,4,4,3,3,3,3,4,1,77,11,2,7,2
22,4,3,3,4,5,4,3,3,3,3,4,1,69,4,2,6,2
22,4,4,4,4,4,4,4,4,4,4,4,1,69,4,2,2,
22,4.25,4,5,4,4,4,4,4,4,4,4,1,72,7,2,7,3
22,3.75,2.5,4,4,3,4,2,3,3,2,4,1,74,9,2,6,3
22,3.25,2.75,3,4,3,3,3,2,3,3,4,1,81,4,2,6,3
22,3.5,3,3,3,4,4,3,3,3,3,4,2,79,7,2,4,
22,2.5,3.25,2,3,2,3,4,2,3,4,4,1,81,10,2,6,3
22,4,3.75,4,4,4,4,4,3,4,4,4,1,85,3,1,6,3
22,4,4,4,4,4,4,4,4,4,4,4,1,71,4,2,7,3
22,3.75,5,3,4,4,4,5,5,5,5,4,1,65,12,2,6,4
22,4,4,4,4,4,4,4,4,4,4,4,1,66,9,2,7,2
22,5,5,5,5,5,5,5,5,5,5,4,1,79,5,2,6,1
22,3.75,3.5,4,4,3,4,4,3,4,3,4,2,84,2,2,6,1
22,3,4,3,3,3,3,4,4,4,4,4,1,69,2,2,6,1
22,4.75,5,5,5,4,5,5,5,5,5,4,1,88,8,1,6,4
22,4.25,3.5,4,4,5,4,4,3,4,3,4,1,65,9,2,6,1
22,4.25,2.5,4,4,5,4,2,3,3,2,4,1,74,3,2,6,2
25,4,3.5,4,4,4,4,4,3,4,3,3,1,79,6,2,6,1
80,2.75,4,2,2,4,3,5,3,4,4,4,1,73,8,2,6,1
80,2.75,3.5,3,3,3,2,4,2,4,4,4,2,87,10,1,6,4
80,4,3.5,4,4,4,4,4,3,4,3,4,2,84,9,2,6,2
80,2.5,4.75,3,2,2,3,5,4,5,5,4,1,84,2,1,7,2
80,3,3.5,3,3,3,3,4,2,4,4,4,1,79,9,2,6,2
80,4.75,4.25,5,4,5,5,5,2,5,5,4,2,79,8,2,6,2
80,4,4.25,4,4,4,4,5,4,4,4,4,2,77,8,1,6,2
80,2,2.5,2,2,2,2,2,2,4,2,4,1,77,10,2,6,3
80,5,5,5,5,5,5,5,5,5,5,4,1,84,9,2,6,3
80,4.75,4.25,5,5,5,4,5,3,4,5,4,1,76,7,2,6,3
80,4.25,4.5,4,4,5,4,4,4,5,5,4,1,74,1,2,8,3
80,3,3.25,3,3,3,3,4,1,5,3,4,2,93,6,1,5,2
80,2.25,3,3,2,2,2,3,3,3,3,4,2,86,11,1,6,1
80,3.5,3.75,3,4,4,3,4,2,5,4,4,2,85,10,1,7,2
80,3.25,3.75,4,3,3,3,4,3,4,4,4,1,80,12,2,6,3
80,3.5,3.25,4,4,3,3,4,1,4,4,4,2,81,10,1,6,2
80,2,2.75,2,2,2,2,3,2,3,3,4,1,81,12,1,6,3
80,3,3,2,3,4,3,3,3,3,3,4,2,87,6,1,6,2
80,3,4,3,3,3,3,4,4,4,4,4,2,83,9,2,6,1
80,2.5,3.25,2,2,3,3,3,3,4,3,4,2,85,11,2,7,1
80,3.75,4.75,4,4,4,3,5,4,5,5,4,1,78,4,2,7,1
80,4,3.25,4,4,4,4,3,3,4,3,4,1,71,9,2,6,1
80,4,3.75,4,4,4,4,4,3,4,4,4,2,76,2,2,6,1
80,4,4,4,4,4,4,4,4,4,4,4,2,77,1,2,6,7
80,4,4,4,4,4,4,4,4,4,4,4,1,68,8,2,6,1
80,3,3.25,3,3,3,3,3,3,4,3,4,1,73,2,2,7,3
80,3.5,2.75,4,2,4,4,3,1,5,2,4,2,71,5,2,6,3
80,5,5,5,5,5,5,5,5,5,5,4,1,66,12,2,7,3
80,4.5,4.25,5,5,5,3,5,4,4,4,4,1,74,1,2,6,3
80,3.5,3.5,3,3,4,4,4,3,4,3,4,1,70,7,2,6,3
80,3.75,4,4,4,4,3,4,4,4,4,4,2,90,2,1,6,3
80,3,3.5,3,3,3,3,4,3,4,3,4,1,84,2,1,6,3
80,2.5,2.5,2,2,3,3,3,2,2,3,4,1,84,2,2,6,3
80,3.5,4,3,3,4,4,4,4,4,4,4,1,69,12,2,7,3
80,3,2.5,2,3,3,4,3,1,3,3,4,2,-9,-9,2,6,3
80,3,3.75,2,3,4,3,4,3,4,4,4,1,82,4,2,6,3
80,3.5,3.5,4,3,3,4,4,2,4,4,4,1,86,9,2,6,3
80,2,3.25,3,2,1,2,4,2,4,3,4,2,79,9,2,6,3
80,3.75,3,4,3,4,4,4,2,3,3,4,1,70,2,2,6,3
80,4,3.25,4,4,4,4,4,2,4,3,4,2,81,4,2,6,3
80,3.5,5,3,3,5,3,5,5,5,5,4,1,70,11,2,6,1
80,2.5,4.25,1,2,4,3,5,4,4,4,4,1,68,1,2,6,1
80,4,3.25,4,4,4,4,4,2,4,3,4,1,71,7,2,6,3
80,3,2.75,3,3,3,3,3,2,3,3,4,1,71,3,2,6,4
80,4,3.25,4,4,4,4,4,2,4,3,4,1,71,12,2,6,2
80,3.75,3.75,3,4,4,4,4,3,4,4,4,1,70,2,2,6,3
80,3.75,4,4,3,4,4,4,4,4,4,4,1,71,7,2,6,3
80,4,3.75,4,4,4,4,4,3,4,4,4,2,71,1,2,7,3
80,4.25,3.25,5,4,4,4,4,2,4,3,4,1,75,1,2,7,2
80,4,3.75,4,4,4,4,4,4,3,4,4,1,68,1,2,8,2
80,4,3.75,4,4,4,4,4,3,4,4,4,1,68,8,2,6,1
80,3.25,3.25,2,3,4,4,3,3,4,3,4,1,73,7,1,7,4
80,1.75,2.75,1,2,2,2,3,2,4,2,4,2,76,8,1,6,3
80,2.5,2.5,3,2,2,3,3,2,2,3,4,2,74,9,2,6,3
40,4.25,3.75,5,4,4,4,4,3,4,4,3,1,70,8,2,6,4
40,4,4,4,4,4,4,4,4,4,4,3,1,82,9,2,6,1
40,2.75,3.25,4,3,2,2,3,3,4,3,3,1,84,9,1,6,2
40,2.25,3.5,3,2,2,2,3,4,4,3,3,2,89,4,1,6,2
40,4,3.75,4,4,4,4,4,3,4,4,3,1,80,10,2,6,1
40,3.5,4,4,3,4,3,4,4,4,4,3,1,75,2,2,6,2
40,3.5,3.25,4,3,3,4,4,2,3,4,3,1,86,1,1,6,1
40,4,3,5,4,4,3,3,3,3,3,3,2,87,12,1,5,1
40,3,3.5,4,3,3,2,3,4,4,3,3,2,83,7,1,6,2
40,4,3.75,4,4,4,4,4,4,4,3,3,1,74,2,2,6,1
40,3.25,3.25,4,3,3,3,3,3,4,3,3,1,81,8,2,6,1
40,3,2.25,3,3,3,3,2,1,3,3,3,1,84,11,2,6,2
40,3,4,3,3,3,3,4,4,4,4,3,2,92,3,1,6,2
40,3,4,3,3,3,3,4,4,4,4,3,1,79,6,2,6,2
40,3.25,3.75,4,3,3,3,4,3,4,4,3,1,71,6,2,6,3
40,4,3.5,4,4,4,4,4,3,3,4,3,1,76,10,2,7,3
40,3.5,4,3,4,4,3,4,3,5,4,3,1,74,7,2,6,3
40,4,3,4,4,4,4,3,3,3,3,3,1,76,12,2,6,3
40,4,4.25,4,4,4,4,4,4,4,5,3,1,67,4,2,2,
40,2.75,4.5,2,3,3,3,5,3,5,5,3,1,80,4,2,6,1
40,1,2.5,1,1,1,1,3,1,3,3,3,1,82,10,2,3,
40,4,3,4,4,4,4,3,3,3,3,3,1,79,5,2,2,
40,3.25,3,3,4,3,3,3,3,3,3,3,1,82,4,2,5,3
40,3.5,3.5,3,4,3,4,4,3,3,4,3,1,64,5,2,1,
40,3.75,3.25,4,4,3,4,3,3,4,3,3,1,85,12,1,3,
40,3.5,3,4,3,4,3,3,2,4,3,3,1,81,3,2,2,
40,4,3,4,4,4,4,3,3,3,3,3,1,70,8,2,3,
40,4,3.75,4,4,4,4,5,3,4,3,3,1,88,3,1,4,
40,3.75,3.5,4,4,4,3,3,3,5,3,3,1,83,6,2,5,3
40,4,3.75,4,4,4,4,4,3,4,4,3,1,83,8,2,6,3
40,3.5,4,3,4,3,4,4,3,5,4,3,1,80,4,1,2,
40,4,3.25,4,4,4,4,4,3,3,3,3,1,82,8,-9,6,2
40,3.75,3.5,4,4,4,3,3,3,4,4,3,1,82,1,2,5,2
40,4,3.25,4,4,4,4,4,3,3,3,3,1,86,2,1,6,3
40,4.75,4.25,5,5,5,4,5,4,4,4,3,1,75,3,2,6,4
40,3,3.25,3,3,3,3,3,3,4,3,3,2,87,6,2,7,3
40,1.75,2.25,2,2,1,2,2,1,4,2,3,2,90,6,1,6,3
40,2.5,2.5,4,2,2,2,2,2,4,2,3,1,86,12,1,6,4
40,3,4.75,3,3,3,3,5,5,5,4,3,1,78,10,2,7,3
40,4,4,4,4,4,4,4,4,4,4,3,1,67,2,2,3,
40,3,3,3,3,3,3,3,3,3,3,3,1,79,10,2,5,3
40,3,3,3,3,3,3,3,3,3,3,3,1,83,2,2,5,3
40,1.25,3,2,1,1,1,3,2,4,3,3,1,84,6,1,6,4
40,4,3.5,4,4,4,4,4,3,4,3,3,1,84,10,2,5,3
40,3.25,3,3,4,3,3,3,3,3,3,3,1,87,9,1,3,
40,3.75,3,4,3,4,4,4,3,2,3,3,1,84,10,1,3,
40,3.5,4.25,3,4,3,4,5,4,4,4,3,1,85,12,1,6,4
40,3.25,4,4,3,3,3,4,4,4,4,3,1,86,1,1,2,
40,3,4.5,3,3,3,3,5,4,5,4,3,1,82,11,2,2,
50,3.5,4,4,3,4,3,4,4,4,4,3,1,73,3,2,7,3
50,3.25,3,4,3,4,2,3,3,3,3,3,2,84,1,2,7,3
50,2.75,3.25,2,3,3,3,4,2,4,3,3,1,81,11,1,7,3
50,4.75,4,4,5,5,5,4,4,4,4,3,1,67,10,2,6,3
50,4,3.25,4,4,4,4,3,3,4,3,3,2,82,2,1,4,
50,3.75,4,4,3,4,4,4,4,4,4,3,1,70,10,2,6,3
50,3.75,3.75,4,4,3,4,4,3,4,4,3,1,71,9,2,7,1
50,4.5,4.75,4,4,5,5,5,5,4,5,3,1,87,9,1,6,1
50,3.25,3.25,4,3,3,3,4,2,3,4,3,1,83,6,2,6,1
50,2.75,2.75,3,3,3,2,3,2,3,3,3,2,75,7,2,6,1
50,4.25,3.75,5,4,4,4,4,3,4,4,3,2,89,4,1,6,2
50,4,4,4,4,4,4,4,4,4,4,3,1,62,11,2,6,2
50,4.5,4.75,4,4,5,5,5,5,4,5,3,1,71,1,2,6,4
50,3.25,3.75,3,3,4,3,4,3,4,4,3,2,75,2,2,4,
50,3.75,4,3,4,4,4,4,4,4,4,3,2,72,11,1,4,
50,4,4,4,4,4,4,4,4,4,4,3,1,76,7,2,5,3
50,3.75,4,3,4,4,4,4,4,4,4,3,2,75,2,2,4,
50,4,4,4,4,4,4,4,4,4,4,3,2,84,5,1,2,
50,4.75,4.5,4,5,5,5,4,5,5,4,3,2,82,9,1,4,
50,4.25,4,4,4,5,4,4,4,4,4,3,2,74,10,2,2,
50,1.75,3.75,2,1,2,2,5,2,4,4,3,2,82,11,2,4,
50,3.75,2.75,4,3,4,4,3,2,3,3,3,2,82,9,2,4,
50,3.75,3.25,4,4,3,4,3,3,4,3,3,2,83,1,2,3,
50,3.5,3.25,3,4,3,4,3,4,3,3,3,2,81,8,2,5,2
50,3,2.75,3,3,3,3,3,2,3,3,3,2,85,7,1,4,
50,3,2.75,3,3,3,3,3,2,3,3,3,2,80,4,1,4,
50,4,4,4,4,4,4,4,4,4,4,3,2,76,8,2,4,
50,3.5,3.25,3,4,3,4,4,2,3,4,3,2,88,8,1,1,
50,3.5,4,3,3,4,4,4,4,4,4,3,2,75,6,2,2,
50,4.25,4,5,4,4,4,4,4,4,4,3,2,76,1,2,4,
50,2.25,3.25,2,3,2,2,4,3,3,3,3,2,93,6,1,3,
50,4,4.25,4,4,4,4,5,3,5,4,3,2,80,10,2,4,
50,3,3,3,3,3,3,3,3,3,3,3,2,81,1,2,4,
50,3.5,2.75,3,4,4,3,3,2,3,3,3,2,77,2,2,4,
50,3.25,2.75,3,4,3,3,3,2,3,3,3,2,84,10,2,4,
50,3,2.75,3,3,3,3,3,3,3,2,3,2,92,3,1,4,
50,3.25,3.5,3,3,4,3,4,3,3,4,3,2,82,4,2,5,3
50,3,4.25,3,3,3,3,4,4,5,4,3,2,76,3,1,4,
50,3.25,3,3,3,4,3,3,2,3,4,3,2,88,3,2,4,
50,3,2.25,4,3,3,2,2,1,4,2,3,2,90,5,1,5,3
79,4,4,4,4,4,4,4,4,4,4,4,1,72,7,2,6,1
79,3.25,3.5,3,3,3,4,4,2,4,4,4,1,82,9,1,6,2
79,3,3,3,3,3,3,3,3,3,3,4,1,83,6,1,6,2
79,3,3,3,3,3,3,3,3,3,3,4,1,84,5,2,6,2
79,4.25,3.5,4,4,4,5,3,3,4,4,4,2,88,9,1,6,2
79,4,4,4,4,4,4,4,4,4,4,4,1,82,1,2,6,2
79,4,4,4,4,4,4,4,4,4,4,4,1,70,6,2,6,1
79,1.5,1.75,2,1,1,2,1,1,4,1,4,1,84,9,2,6,2
79,3,3.75,3,3,3,3,4,2,5,4,4,2,84,5,2,6,4
79,4,4,4,4,4,4,4,3,5,4,4,1,86,12,1,6,1
79,4,4,4,4,4,4,4,4,4,4,4,2,88,9,1,6,1
79,4,4,4,4,4,4,4,4,4,4,4,1,85,2,2,6,2
79,3.25,3.25,4,3,3,3,4,3,3,3,4,1,89,11,1,6,1
79,3.75,3.75,4,3,4,4,4,3,4,4,4,2,84,8,2,6,2
79,4,3.25,4,4,4,4,3,3,4,3,4,1,74,4,2,6,2
79,4,4,4,4,4,4,4,4,4,4,4,2,83,9,1,6,2
79,4.5,4,4,4,5,5,4,4,4,4,4,2,77,10,1,6,2
79,4.5,4.5,5,4,4,5,4,4,5,5,4,2,90,2,2,6,2
79,2.5,3.25,3,2,2,3,4,1,4,4,4,2,84,9,2,6,2
79,3.5,3.25,3,3,4,4,4,2,4,3,4,2,80,11,2,6,4
79,4,3.75,4,4,4,4,4,4,4,3,4,1,79,5,2,6,3
79,3.25,3,1,4,4,4,3,2,4,3,4,1,73,4,2,3,
79,3.5,3,4,4,3,3,3,3,3,3,4,2,80,2,2,2,
79,3.75,3,3,4,4,4,3,3,3,3,4,2,77,1,2,2,
79,2.75,3,3,3,3,2,3,3,3,3,4,2,72,1,1,4,
79,1,3.25,1,1,1,1,4,1,4,4,4,2,77,3,1,2,
79,2.75,3,2,3,3,3,3,3,3,3,4,1,68,2,1,5,3
79,3,2.5,3,3,3,3,3,1,3,3,4,1,67,7,2,4,
79,4,3.5,4,4,4,4,4,3,4,3,4,2,62,5,2,4,
79,3,3.5,3,3,3,3,4,3,4,3,4,1,73,9,2,5,3
79,3.75,4,4,4,4,3,4,4,4,4,4,2,74,9,2,4,
79,4,4,4,4,4,4,4,4,4,4,4,1,70,5,2,2,
79,4,3.75,4,4,4,4,4,3,4,4,4,1,65,12,2,4,
79,3.25,3,4,3,3,3,3,3,3,3,4,2,81,4,1,4,
79,3,3.5,3,3,3,3,4,3,3,4,4,2,80,7,1,4,
79,3,3.25,3,3,3,3,3,3,3,4,4,2,80,4,2,4,
79,3,2.75,3,3,3,3,3,2,3,3,4,2,86,1,2,4,
79,2,3,2,2,2,2,3,3,3,3,4,2,77,12,1,4,
79,2.5,2.25,1,3,3,3,2,2,2,3,4,1,78,11,2,2,
79,3,3,3,3,3,3,4,1,4,3,4,1,81,4,2,2,
79,3.25,4,3,4,3,3,4,4,4,4,4,1,64,3,2,3,
79,3,3,3,3,3,3,4,1,4,3,4,2,85,8,1,2,
79,2.75,3,3,3,2,3,3,3,3,3,4,1,72,4,2,2,
79,2.5,4.75,2,2,2,4,5,4,5,5,4,2,58,9,1,1,
79,3,3.75,3,3,3,3,4,4,4,3,4,2,75,7,1,2,
79,2.75,2.75,3,3,3,2,3,2,3,3,4,1,63,2,2,3,
79,2.5,3.25,2,3,2,3,4,2,4,3,4,1,69,6,2,2,
79,2.25,3.25,2,2,3,2,4,3,3,3,4,1,69,12,2,2,
79,3.5,3.25,4,4,3,3,4,3,3,3,4,1,75,10,2,2,
79,2.75,3.5,3,3,3,2,4,3,4,3,4,1,77,1,2,5,3
79,4,3,5,5,1,5,3,3,3,3,4,2,82,1,2,4,
79,3,3.25,3,3,3,3,4,3,3,3,4,2,78,8,2,3,
79,3,3.25,3,3,3,3,3,3,4,3,4,2,80,9,2,3,
79,3.25,3.25,3,4,3,3,4,2,4,3,4,1,72,9,2,4,
10,3.75,3.5,4,4,4,3,4,3,3,4,3,1,75,2,2,5,3
10,2.75,3.25,2,3,3,3,3,3,4,3,3,1,80,2,1,2,
10,3,3,3,3,3,3,3,2,4,3,3,1,78,12,2,6,2
10,1.75,2.5,3,1,2,1,3,2,2,3,3,1,87,12,2,4,
10,3.5,3.25,3,3,4,4,3,3,4,3,3,1,82,12,2,5,3
10,3,3,3,3,3,3,3,3,3,3,3,2,92,12,1,6,1
10,2,3.5,2,2,2,2,4,3,4,3,3,2,96,7,1,2,
10,4,3.5,4,4,4,4,4,3,3,4,3,1,79,7,2,5,3
10,3.75,4,4,3,4,4,4,4,4,4,3,1,71,3,2,5,1
10,3.5,3,4,3,4,3,3,2,4,3,3,1,84,6,1,6,2
10,3,3.5,3,3,3,3,3,4,4,3,3,2,93,8,1,5,1
10,2.75,5,4,3,2,2,5,5,5,5,3,1,88,1,2,5,3
10,3.5,4,3,4,4,3,4,4,4,4,3,1,72,10,2,6,2
10,3,4,3,3,3,3,4,4,4,4,3,1,92,2,1,6,2
10,3,3.75,3,3,3,3,4,3,4,4,3,1,74,12,2,6,1
10,3,3.25,3,3,3,3,3,3,4,3,3,2,90,7,1,6,2
10,3.5,4,4,3,4,3,5,3,4,4,3,1,82,4,2,6,1
10,3.25,4,4,3,3,3,4,4,4,4,3,1,75,1,2,5,3
10,4,4,4,4,4,4,4,3,5,4,3,1,87,2,2,6,3
10,4,4.5,4,4,4,4,5,4,5,4,3,1,87,6,1,6,3
10,4,4,4,4,4,4,4,4,4,4,3,1,92,8,1,6,3
10,3,4.5,3,3,3,3,5,4,4,5,3,1,82,6,1,5,3
10,2.5,2.75,2,3,3,2,3,2,3,3,3,1,74,1,2,6,3
10,2.25,3.75,2,2,3,2,4,3,4,4,3,1,82,11,2,6,1
10,3.75,3.5,4,4,4,3,4,3,4,3,3,1,77,12,2,6,1
10,3.5,3.25,4,3,4,3,3,4,3,3,3,1,72,6,2,3,
10,4.25,3.75,5,4,4,4,3,3,5,4,3,1,72,12,2,4,
10,2.5,3.75,3,3,2,2,4,3,4,4,3,1,91,9,1,3,
10,3,3,3,3,3,3,3,3,3,3,3,1,81,11,1,3,
10,2.25,1.25,3,2,2,2,1,2,1,1,3,1,85,1,1,5,3
10,4,3,4,4,4,4,3,3,3,3,3,1,71,4,2,2,
10,1.25,2.5,2,1,1,1,3,1,3,3,3,1,80,2,2,3,
10,4,4.5,4,4,4,4,5,5,5,3,3,1,82,3,2,5,3
10,3,2.75,3,3,3,3,3,3,3,2,3,1,86,5,1,5,2
10,3.25,3,4,3,3,3,3,2,4,3,3,1,73,9,2,2,
10,3.25,3.25,3,3,4,3,3,3,4,3,3,1,92,4,1,4,
10,4.5,4.5,5,5,4,4,5,4,5,4,3,2,94,2,1,5,3
10,3,3.5,3,3,3,3,4,3,4,3,3,1,81,11,2,4,
10,3,3,3,3,3,3,3,2,4,3,3,1,88,8,1,3,
10,3,3,3,3,3,3,3,3,3,3,3,1,96,1,1,3,
10,2.75,3.5,2,3,3,3,4,3,4,3,3,1,90,2,1,4,
10,2,3.5,2,2,2,2,4,3,4,3,3,1,80,9,2,5,1
10,3.5,3.25,4,3,3,4,3,3,4,3,3,1,83,11,2,4,
10,4,4.25,4,4,4,4,4,4,5,4,3,1,89,11,1,5,3
10,2.75,3.25,2,3,3,3,3,3,4,3,3,2,85,11,1,2,
10,3,3.25,3,3,3,3,3,3,4,3,3,1,82,3,2,2,
10,3.25,3.25,3,4,3,3,3,3,4,3,3,2,94,2,1,3,
10,2,3,2,2,2,2,3,4,3,2,3,1,83,1,2,2,
10,2.5,3,3,3,2,2,3,3,3,3,3,1,80,9,2,5,1
50,4,4.75,4,4,4,4,5,4,5,5,4,1,69,10,2,7,1
50,4,5,4,4,4,4,5,5,5,5,4,1,87,5,1,6,2
20,2.75,3,3,3,3,2,3,3,3,3,3,1,76,4,1,6,1
20,5,4,5,5,5,5,4,4,4,4,3,1,86,4,1,6,3
20,2.25,2.25,1,3,3,2,2,2,2,3,3,1,88,7,2,6,1
20,4.25,4.75,4,4,5,4,4,5,5,5,3,1,74,9,2,6,2
20,1,3.5,1,1,1,1,4,1,5,4,3,1,90,10,1,6,1
20,4,4,4,4,4,4,4,4,4,4,3,1,87,7,1,6,2
20,3,3,3,3,3,3,3,3,3,3,3,1,86,6,2,6,2
20,2.25,2.5,2,2,3,2,2,2,4,2,3,1,70,12,2,6,3
20,3.25,2.5,3,3,4,3,2,3,3,2,3,2,77,3,1,5,3
20,3.5,3.75,3,4,3,4,4,3,4,4,3,2,81,9,1,4,
20,3.25,3,3,4,3,3,3,3,3,3,3,1,79,2,2,6,3
20,5,4.25,5,5,5,5,5,3,5,4,3,1,71,2,2,6,2
20,4,3.5,4,4,4,4,4,3,4,3,3,2,89,11,1,5,4
20,5,4,5,5,5,5,4,4,4,4,3,1,77,1,2,6,1
20,3,4,3,3,3,3,4,4,4,4,3,2,85,2,1,5,1
20,5,4.25,5,5,5,5,4,4,5,4,3,1,89,4,1,6,2
20,3.25,3.75,4,3,3,3,4,3,4,4,3,2,89,11,2,5,2
20,2,2.5,2,2,2,2,2,2,3,3,3,1,84,5,2,6,1
20,3,3.25,3,3,3,3,3,3,4,3,3,2,79,6,2,5,4
20,2,4,2,2,2,2,5,3,4,4,3,1,84,5,2,6,3
20,4,3.75,4,4,4,4,4,3,4,4,3,2,97,10,1,4,
20,4,4,5,4,4,3,4,4,4,4,3,1,70,4,2,6,3
20,3.25,4.25,4,3,3,3,5,3,5,4,3,2,78,4,1,3,
20,4.25,3.25,5,4,4,4,4,1,4,4,3,2,93,9,1,4,
20,4,3.5,4,4,4,4,3,4,4,3,3,2,96,10,1,4,
20,3.25,3,4,3,3,3,3,3,3,3,3,2,96,8,1,4,
20,3,3.5,3,3,3,3,4,3,4,3,3,2,84,10,1,4,
20,2.25,3,3,2,2,2,3,3,3,3,3,2,96,8,1,3,
20,3,3,3,3,3,3,3,2,4,3,3,2,94,11,1,4,
-9,4,4,4,4,4,4,4,4,4,4,3,1,67,3,2,6,2
-9,3,4,3,3,3,3,4,4,4,4,3,1,78,12,2,6,2
65,3.5,3.75,4,3,3,4,4,3,4,4,3,1,72,11,2,6,2
65,4,4,4,4,4,4,4,4,4,4,3,1,83,10,2,6,1
65,3,4,3,3,3,3,4,4,4,4,3,1,84,1,1,6,1
65,4,4,4,4,4,4,4,4,4,4,3,1,73,3,2,6,2
65,4,3.75,4,4,4,4,4,3,4,4,3,1,82,9,2,6,2
65,3.75,4,3,4,4,4,4,4,4,4,3,1,84,11,2,6,1
65,2.75,2.75,3,2,2,4,2,3,4,2,3,1,78,2,2,6,2
65,3,4,3,3,3,3,4,4,4,4,3,2,85,11,1,5,2
65,2.75,3,3,3,2,3,3,3,3,3,3,2,87,5,1,6,1
65,4,4,4,4,4,4,4,4,4,4,3,1,77,10,2,6,1
40,4.5,3.5,5,4,5,4,4,3,4,3,4,1,77,8,2,6,2
40,5,3.75,5,5,5,5,4,3,4,4,4,1,72,5,2,6,1
40,5,4,5,5,5,5,4,4,4,4,4,1,81,9,2,6,2
40,3.5,3.25,4,3,3,4,4,3,3,3,4,1,73,5,2,6,1
40,3.75,4,4,4,4,3,4,4,4,4,4,1,83,1,2,6,3
40,4,3.75,4,4,4,4,5,3,4,3,4,1,83,11,2,6,3
40,3.5,3.25,4,3,4,3,4,3,2,4,4,1,62,10,2,6,2
40,3,4,3,4,3,2,4,4,4,4,4,1,79,8,2,6,2
40,3,4,3,3,3,3,4,4,4,4,4,1,65,9,3,6,1
40,4.25,4,4,4,5,4,4,4,4,4,4,1,76,10,2,7,1
40,4,4,4,4,4,4,4,4,4,4,4,2,79,11,2,6,1
40,4.75,4.75,5,4,5,5,5,4,5,5,4,1,80,8,2,6,2
40,4.5,4.75,4,5,4,5,5,4,5,5,4,1,68,2,2,7,2
40,5,5,5,5,5,5,5,5,5,5,4,1,76,10,2,6,2
40,5,3.25,5,5,5,5,4,3,3,3,4,1,80,12,2,6,1
40,4,4,4,4,4,4,4,4,4,4,4,1,78,5,2,6,2
40,4.75,4,5,5,5,4,4,4,4,4,4,2,77,3,1,6,3
40,3,3,3,3,3,3,3,3,3,3,4,1,80,11,2,6,2
40,4,4.25,4,4,4,4,4,5,4,4,4,1,79,9,2,6,3
40,3.75,2.75,3,4,4,4,2,3,4,2,4,1,72,3,1,6,3
40,3.5,2.25,3,3,4,4,1,2,4,2,4,1,83,1,2,7,2
40,4,4,4,4,4,4,4,4,4,4,4,1,81,11,2,6,2
40,4.5,4,5,4,4,5,4,4,4,4,4,1,78,9,2,6,2
40,5,4,5,5,5,5,4,4,4,4,4,1,81,12,2,6,2
40,4.5,4,4,5,5,4,5,3,4,4,4,1,73,9,2,6,2
40,4.75,4,5,5,4,5,4,4,4,4,4,1,76,12,2,6,2
40,3.75,4,4,4,4,3,4,4,4,4,4,1,81,3,2,6,2
40,3.5,4,3,3,4,4,4,4,4,4,4,2,91,9,1,6,1
40,4,4,4,4,4,4,4,4,4,4,4,1,75,4,2,7,1
40,2.5,4,2,2,3,3,4,4,4,4,4,1,87,7,1,6,1
40,4.75,4.25,4,5,5,5,5,3,4,5,4,1,79,5,2,6,2
40,4,4,4,4,4,4,4,4,4,4,4,1,79,2,2,7,1
40,4.75,3.75,5,4,5,5,4,3,4,4,4,1,71,2,2,6,2
40,3.5,3.75,4,4,3,3,3,4,4,4,4,1,79,9,2,6,2
40,4.25,3.5,5,4,4,4,3,4,4,3,4,1,83,9,2,6,2
40,3.75,4,4,4,3,4,4,4,4,4,4,1,88,3,1,6,1
40,4,3.75,4,4,4,4,4,4,4,3,4,2,83,8,2,-9,
40,5,4.75,5,5,5,5,5,5,5,4,4,1,69,9,2,7,2
40,4.25,4,4,4,4,5,4,4,4,4,4,2,71,9,2,6,1
40,4.5,3.5,5,5,3,5,3,3,5,3,4,1,63,9,2,6,1
40,2.75,3,3,3,2,3,4,2,3,3,4,1,87,12,1,6,2
40,4.25,3.75,4,4,5,4,3,4,4,4,4,1,69,8,2,4,
40,4.5,4.25,4,4,5,5,5,4,4,4,4,2,80,11,2,4,
40,4.5,4.75,4,5,4,5,5,4,5,5,4,1,85,8,1,6,2
40,4.5,4.25,4,4,5,5,4,5,4,4,4,1,71,2,2,5,3
40,4.5,4.25,5,4,4,5,4,5,4,4,4,1,61,6,2,4,
40,4.5,3.75,4,4,5,5,4,4,4,3,4,2,68,7,2,4,
40,4,4.5,4,4,4,4,5,4,5,4,4,2,73,2,2,6,2
40,3.75,3.25,4,4,3,4,4,3,3,3,4,2,81,12,2,5,1
40,4,4,4,4,4,4,4,4,4,4,4,1,71,6,2,6,1
40,4,4,4,4,4,4,4,4,4,4,4,2,86,2,1,6,2
40,4.25,3.75,4,5,4,4,4,3,4,4,4,1,69,11,2,6,2
40,3.5,3.5,4,4,3,3,4,4,3,3,4,1,71,7,2,6,1
40,3.5,4,3,4,4,3,4,4,4,4,4,2,76,12,2,5,1
40,4.5,4.75,4,5,4,5,5,5,4,5,4,1,67,5,1,6,2
40,3.5,3.75,3,4,4,3,3,4,4,4,4,1,61,8,2,6,3
40,2.25,3.25,2,2,3,2,3,4,3,3,4,1,78,6,2,7,1
12,3.25,3.25,3,3,4,3,4,3,3,3,4,1,70,4,2,6,2
12,3.5,3.5,4,3,4,3,3,4,4,3,4,1,86,6,2,6,3
12,3.75,4,4,4,4,3,4,4,5,3,4,1,68,1,2,6,1
12,3.75,3.75,4,3,4,4,4,5,4,2,4,1,69,10,2,3,
12,3.75,4,4,4,4,3,5,4,4,3,4,1,72,1,2,3,
12,3.5,3.5,4,3,3,4,4,2,4,4,4,1,86,1,1,3,
12,3.25,3.25,3,4,3,3,3,3,3,4,4,1,83,11,2,3,
12,4.5,4.25,4,4,5,5,4,5,4,4,4,1,71,9,-9,3,
12,4.25,4.25,4,4,5,4,5,4,5,3,4,1,77,7,2,3,
12,3.5,4.25,4,3,3,4,5,4,4,4,4,1,60,9,2,3,
12,3.75,3.25,4,4,3,4,4,3,3,3,4,1,86,1,1,3,
12,3.5,3.5,4,4,3,3,4,4,3,3,4,1,72,8,2,3,
12,3.75,3.5,4,3,4,4,4,3,4,3,4,1,77,5,2,3,
12,2.75,2.25,2,3,3,3,2,2,2,3,4,1,86,8,1,3,
12,4.75,4.5,5,4,5,5,5,4,5,4,4,1,87,1,1,3,
12,4,3.75,4,4,4,4,3,4,5,3,4,1,79,12,-9,3,
12,4.25,4.5,4,4,4,5,5,5,4,4,4,1,72,7,-9,4,
12,3.75,4,4,3,4,4,4,4,4,4,4,1,75,7,2,7,1
12,2.75,4,3,2,3,3,4,4,4,4,4,2,89,2,1,6,2
12,4,4,4,4,4,4,4,4,4,4,4,1,76,6,2,7,3
12,3.25,3.25,3,4,3,3,2,4,4,3,4,2,90,7,2,4,
12,4,3,4,4,4,4,3,3,3,3,4,2,91,1,1,6,1
12,4,4,4,4,4,4,4,4,4,4,4,1,81,7,2,6,1
12,3.25,3.5,4,3,3,3,4,3,3,4,4,1,80,11,2,6,1
12,4,3.75,4,4,4,4,4,4,4,3,4,2,88,9,2,2,
8,3.75,4,4,4,4,3,4,3,5,4,3,1,76,8,2,6,7
8,5,4.25,5,5,5,5,5,3,5,4,3,1,87,1,1,6,2
8,3.25,5,3,3,4,3,5,5,5,5,3,1,76,10,2,6,3
8,3,3.25,3,3,3,3,3,3,3,4,3,2,75,11,2,5,2
8,3,4.25,3,3,3,3,5,3,5,4,3,1,78,7,2,6,2
8,4,4.5,4,4,4,4,5,4,5,4,3,2,75,10,1,6,1
8,4,4.25,4,4,4,4,5,4,4,4,3,1,88,10,1,6,2
8,3,3,3,3,3,3,3,3,3,3,3,2,91,1,2,6,2
8,2,3.25,2,2,2,2,4,2,3,4,3,2,92,1,1,6,1
8,4.25,4.5,5,4,4,4,4,5,5,4,3,1,87,12,1,6,2
8,2.5,3.75,3,2,3,2,4,2,5,4,3,1,90,9,1,6,2
8,2.5,3,3,3,2,2,3,2,4,3,3,2,89,2,1,6,2
8,2.25,3,3,2,2,2,3,2,4,3,3,2,90,11,1,6,2
8,3,4,3,3,3,3,4,4,4,4,3,1,92,7,1,6,2
8,3,3.5,3,3,3,3,4,3,4,3,3,1,84,12,1,6,1
8,2.75,4,3,2,4,2,5,2,5,4,3,1,77,4,2,5,1
8,3,3.75,3,3,3,3,4,3,4,4,3,1,76,11,2,6,7
81,3.75,4,4,4,4,3,4,4,4,4,3,1,70,12,1,6,3
81,4,4.25,4,4,4,4,4,4,5,4,3,1,84,6,1,6,2
81,3,3.5,3,3,3,3,4,3,4,3,3,1,75,4,2,7,2
81,3,4,3,3,3,3,4,4,4,4,3,2,84,12,2,6,2
81,3.75,3.5,3,4,4,4,4,3,4,3,3,2,74,1,2,8,1
81,2.5,4,3,2,2,3,4,4,4,4,3,2,76,2,2,6,1
81,3.25,3.75,4,3,3,3,4,3,4,4,3,2,77,2,2,7,3
81,3.75,3.5,4,4,4,3,4,4,3,3,3,1,-9,-9,2,6,2
81,2.5,3,2,2,4,2,3,2,4,3,3,2,-9,-9,2,6,1
81,2.25,2.75,3,2,2,2,2,3,4,2,3,2,-9,-9,1,6,2
81,3.5,4,4,3,4,3,4,4,4,4,3,1,70,5,2,6,2
81,1.5,3,3,1,1,1,4,2,3,3,3,2,81,1,2,6,1
81,4.25,3.75,4,4,4,5,4,4,3,4,3,1,67,12,2,6,2
81,1,3,1,1,1,1,4,3,3,2,3,1,79,9,1,6,2
81,1.25,3,2,1,1,1,3,3,3,3,3,1,75,12,1,6,3
81,4.25,5,5,4,4,4,5,5,5,5,3,1,72,6,2,7,1
81,4,4.75,4,3,5,4,5,4,5,5,3,1,79,6,2,6,2
81,3.25,4,4,3,3,3,4,4,4,4,3,2,84,10,2,6,1
81,4,4,4,4,4,4,4,4,4,4,3,2,76,4,2,6,2
81,4.75,5,4,5,5,5,5,5,5,5,3,1,-9,-9,1,7,3
81,3.75,4,4,4,3,4,4,4,4,4,3,1,61,6,2,5,3
81,3.75,4,4,4,3,4,4,4,4,4,3,1,68,4,2,4,
81,2.5,3.5,2,3,3,2,3,4,4,3,3,1,70,5,2,2,
81,4.25,4,4,4,5,4,4,4,4,4,3,1,70,3,2,3,
81,4.25,4,4,4,5,4,4,4,4,4,3,1,69,8,2,2,
81,3.5,4.75,4,3,3,4,4,5,5,5,3,1,72,12,2,5,3
81,3.75,4.25,4,3,4,4,4,5,4,4,3,1,71,11,2,4,
81,4.25,4,4,4,5,4,4,4,4,4,3,1,67,1,2,2,
81,3.75,5,4,3,4,4,5,5,5,5,3,1,71,9,2,5,3
81,4,4.25,4,4,4,4,5,4,4,4,3,1,66,6,2,5,3
81,4,4,4,4,4,4,4,4,4,4,3,1,72,4,2,5,3
81,5,4.25,5,5,5,5,5,3,5,4,3,1,70,7,2,5,3
81,4.5,5,4,5,5,4,5,5,5,5,3,1,65,9,2,5,3
81,4.75,5,5,5,5,4,5,5,5,5,3,1,70,2,2,5,3
81,4,4.5,4,4,4,4,4,4,5,5,3,1,72,7,2,5,3
81,4.5,4.25,4,4,5,5,4,4,5,4,3,1,74,8,2,6,3
81,4,4.75,4,4,4,4,5,5,5,4,3,1,83,7,1,6,3
81,5,5,5,5,5,5,5,5,5,5,3,1,68,12,2,6,3
81,4.25,4.75,4,4,4,5,5,5,5,4,3,1,69,5,2,5,3
81,4,4,4,4,4,4,4,4,4,4,3,1,77,11,2,5,3
81,3,3.25,3,3,3,3,3,3,4,3,3,1,87,10,2,5,3
81,4.75,4,4,5,5,5,4,4,4,4,3,1,74,3,2,5,3
81,4,4,4,4,4,4,4,4,4,4,3,1,77,11,2,5,3
81,3.75,4,4,4,4,3,4,4,4,4,3,1,77,8,2,5,3
81,3.25,2.75,3,4,3,3,3,2,3,3,3,1,76,12,2,5,3
81,4.25,4,4,4,5,4,4,4,4,4,3,1,82,2,2,5,3
81,5,4.75,5,5,5,5,5,4,5,5,3,1,83,3,1,5,3
81,3.5,3.5,4,3,4,3,3,4,4,3,3,1,68,7,2,7,3
81,2.5,5,3,3,2,2,5,5,5,5,3,2,79,5,2,7,3
81,3,4,2,3,4,3,4,4,4,4,3,1,72,5,2,7,3
81,2.75,4,2,2,4,3,4,4,4,4,3,1,78,10,2,7,4
23,4,4,4,4,4,4,4,4,4,4,3,1,73,2,2,7,2
23,4,3.75,4,4,4,4,4,4,4,3,3,1,67,8,2,5,1
23,3,4,3,3,3,3,4,4,4,4,3,1,82,1,2,6,2
23,3.25,4.5,4,3,3,3,4,5,5,4,3,1,79,4,2,6,2
23,2.5,4,3,3,2,2,4,4,4,4,3,1,89,11,1,6,2
23,3.75,4.75,4,3,3,5,5,5,5,4,3,1,85,12,2,6,2
23,3.5,5,4,4,3,3,5,5,5,5,3,1,66,11,2,6,3
23,4.5,4.25,4,4,5,5,4,4,5,4,3,2,88,6,1,6,2
23,3,3.75,3,3,3,3,4,3,4,4,3,1,77,11,2,6,2
23,3,3.75,3,3,3,3,4,4,3,4,3,1,69,11,2,7,4
23,3.5,4,4,3,4,3,4,4,4,4,3,2,80,1,2,7,1
23,5,3.5,5,5,5,5,4,3,4,3,3,1,86,2,2,7,1
-9,3,3.25,3,3,3,3,4,3,3,3,4,1,76,11,2,6,2
-9,3.25,4,3,4,3,3,4,4,4,4,4,1,86,3,2,6,2
-9,4,4,4,4,4,4,4,4,4,4,4,1,82,4,2,6,1
-9,5,5,5,5,5,5,5,5,5,5,4,1,85,3,2,6,4
-9,3.25,3.25,3,3,3,4,4,3,3,3,4,1,76,10,2,6,3
-9,3.75,3.5,3,4,4,4,3,4,4,3,4,2,81,8,1,6,4
-9,4,3.75,4,4,4,4,4,4,4,3,4,2,88,-9,1,6,2
-9,3.5,3,3,3,4,4,3,2,4,3,4,1,87,10,2,6,2
-9,4,2.75,4,4,4,4,2,4,4,1,4,1,76,6,2,6,1
-9,3.5,3.25,4,3,4,3,3,4,3,3,4,1,74,6,2,6,1
-9,2.25,3,2,2,3,2,4,2,3,3,4,1,65,4,2,6,1
-9,2.5,3,2,3,2,3,3,3,3,3,4,2,83,7,1,5,1
-9,2.75,3.75,2,3,3,3,4,3,4,4,4,1,75,4,2,6,1
-9,4,3.75,4,4,4,4,4,3,4,4,4,1,88,3,1,6,1
-9,2.75,3.75,1,3,4,3,4,4,4,3,4,1,71,4,2,6,2
-9,2.5,3,2,1,4,3,4,2,4,2,4,1,80,7,1,6,2
-9,3.75,3,3,3,5,4,3,3,3,3,4,1,86,8,1,6,3
-9,3.75,3.25,3,3,4,5,3,3,4,3,4,1,84,3,1,6,1
-9,2.25,3.75,3,2,1,3,4,3,4,4,4,2,75,12,1,7,2
-9,4,4,4,4,4,4,4,4,4,4,4,1,60,11,2,5,6
-9,4,3.5,4,4,4,4,3,3,4,4,4,1,80,10,2,5,3
-9,4.5,4,4,4,5,5,4,4,4,4,4,1,76,9,2,6,1
-9,1.5,3.5,1,2,1,2,3,4,4,3,4,1,71,9,2,5,1
-9,3.75,3.5,3,4,4,4,3,3,4,4,4,1,73,12,2,6,1
-9,3,3.5,2,3,3,4,4,3,3,4,4,1,70,9,2,5,1
-9,4.25,3.75,4,5,4,4,3,4,4,4,4,1,82,9,2,6,3
-9,5,4.75,5,5,5,5,5,5,5,4,4,1,81,11,1,6,3
15,3,3,3,3,3,3,3,3,3,3,3,1,83,3,1,6,4
15,3.25,4,4,3,3,3,4,4,4,4,3,2,85,6,1,4,
15,3.5,4.25,4,4,3,3,4,4,5,4,3,2,82,3,2,6,1
15,3,3,3,3,3,3,3,3,3,3,3,2,74,11,2,4,
15,4,3.75,4,4,4,4,4,3,4,4,3,1,82,9,2,8,3
15,2.25,3.25,3,2,2,2,4,4,2,3,3,2,74,6,3,4,
15,3.25,3.5,3,4,3,3,4,3,3,4,3,1,79,3,2,6,1
15,3.25,4,3,3,3,4,4,4,4,4,3,2,79,11,1,4,
15,3.5,4,4,4,4,2,4,4,4,4,3,2,77,7,2,4,
15,3,4,3,3,3,3,4,4,4,4,3,2,95,4,1,4,
15,3.25,4,3,3,4,3,4,4,4,4,3,1,89,11,1,5,4
15,2,4,2,1,2,3,4,4,4,4,3,1,65,11,2,7,2
15,4,4,4,4,4,4,4,4,4,4,3,2,92,5,1,6,2
15,4,4,4,4,4,4,4,4,4,4,3,1,77,12,2,5,4
15,5,5,5,5,5,5,5,5,5,5,3,1,74,4,2,5,2
15,5,5,5,5,5,5,5,5,5,5,3,1,88,1,1,5,4
15,3.5,4.25,3,4,4,3,4,5,4,4,3,1,73,9,2,6,1
15,3.5,3,3,3,4,4,3,2,4,3,3,2,79,2,1,6,3
15,3.5,3.75,4,3,4,3,4,4,3,4,3,1,81,9,1,6,3
15,3.5,3,4,3,3,4,3,2,4,3,3,1,80,5,2,6,2
15,2,3,2,2,2,2,3,3,3,3,3,2,76,8,1,5,4
15,4,3.75,4,4,4,4,4,4,4,3,3,1,92,4,1,6,1
15,3,2.5,3,3,3,3,2,3,2,3,3,1,86,1,1,6,1
15,3.5,3.75,4,4,3,3,4,4,4,3,3,1,89,11,1,6,1
15,3,3,3,3,3,3,3,3,3,3,3,1,77,4,1,5,3
15,4,4,4,4,4,4,4,4,4,4,3,1,81,2,2,6,1
15,4.5,4,4,5,5,4,4,4,4,4,3,1,82,3,2,5,4
15,1.75,3.5,1,2,2,2,4,2,4,4,3,1,89,11,1,6,1
15,3.75,4,5,4,3,3,4,4,4,4,3,1,84,8,2,2,
15,1.5,1.5,1,2,2,1,1,1,2,2,3,1,84,9,2,5,3
15,2.75,4,3,3,2,3,4,4,4,4,3,1,89,6,1,6,1
15,3.25,4,4,4,3,2,4,4,4,4,3,1,78,11,1,6,1
15,4.25,3.25,4,4,5,4,3,3,4,3,3,1,81,2,2,3,
15,4,3.25,4,4,4,4,3,4,3,3,3,1,83,11,2,2,
15,3.5,3.25,3,3,5,3,3,3,4,3,3,1,86,1,2,6,3
15,3.75,3.25,3,4,4,4,3,4,3,3,3,1,82,9,2,2,
15,3.75,3,5,4,3,3,3,3,3,3,3,1,87,3,1,6,3
15,4,4,4,4,4,4,4,4,4,4,3,1,82,5,1,2,
15,3,3.75,3,3,3,3,4,4,4,3,3,1,82,1,3,2,
15,1.75,3,2,2,2,1,3,3,3,3,3,1,94,4,1,2,
15,1.25,3,2,1,1,1,3,3,3,3,3,2,96,6,1,4,
15,3.5,3.75,4,3,4,3,4,3,4,4,3,1,83,1,2,6,1
15,3.75,4,4,4,4,3,4,4,4,4,3,1,81,1,3,2,
15,4,4,4,4,4,4,4,4,4,4,3,2,76,6,3,4,
30,4.25,4,4,4,4,5,4,4,4,4,3,1,63,10,2,6,3
30,3.5,4,4,3,3,4,4,4,4,4,3,1,76,6,2,5,3
30,3.25,4,3,4,3,3,4,4,4,4,3,1,81,1,2,5,1
30,3.25,3.5,3,4,3,3,4,3,4,3,3,1,72,2,2,5,2
30,3.75,3.75,4,3,4,4,4,4,4,3,3,1,75,8,2,5,3
30,3.75,3.75,4,3,4,4,3,4,4,4,3,1,79,9,2,6,3
30,3,3,3,3,3,3,3,3,3,3,3,2,82,8,2,5,3
30,3.5,3.5,4,4,3,3,3,4,3,4,3,1,82,1,2,6,3
30,3.25,3.75,3,4,3,3,4,4,4,3,3,1,76,1,2,5,2
30,3.25,3.25,4,3,3,3,3,3,3,4,3,2,88,8,1,6,1
30,3,3.5,3,2,4,3,3,4,3,4,3,1,86,12,1,6,2
30,3.75,4,4,4,3,4,4,4,4,4,3,1,84,6,2,5,3
30,3.25,3.5,3,4,3,3,3,3,4,4,3,1,83,8,2,2,
30,3.5,3,4,3,4,3,3,3,3,3,3,1,83,8,2,6,2
30,3.75,3,4,3,4,4,3,3,3,3,3,1,81,8,2,6,1
30,2.75,3,2,3,3,3,3,3,3,3,3,2,87,9,2,6,2
30,3.75,4,3,4,4,4,4,4,4,4,3,1,75,4,2,5,2
30,3.25,4,3,4,3,3,4,4,4,4,3,1,80,3,2,6,3
30,3.75,3.5,4,3,4,4,3,4,3,4,3,1,82,2,2,6,4
30,3,3,3,3,3,3,3,3,3,3,3,1,79,3,2,7,2
30,3.25,3,3,4,3,3,3,3,3,3,3,1,82,6,2,6,2
30,3.75,4,4,4,4,3,4,4,4,4,3,1,70,9,2,6,4
30,4,4,4,4,4,4,4,4,4,4,3,1,68,6,2,6,3
30,3.25,3,3,4,3,3,3,3,3,3,3,2,92,8,1,4,
30,3.75,3,3,4,4,4,3,3,3,3,3,1,69,5,2,5,3
30,3.5,3,3,4,4,3,3,3,3,3,3,1,76,1,2,5,3
30,3.25,3,3,4,3,3,3,3,3,3,3,1,84,1,2,3,
30,3.25,3,3,4,3,3,3,3,3,3,3,2,71,12,2,4,
30,3.25,3,3,4,3,3,3,3,3,3,3,1,72,11,2,3,
30,3,3,3,2,3,4,3,2,4,3,3,1,93,3,1,5,3
30,3.25,3,3,4,3,3,3,3,3,3,3,1,83,11,2,5,3
30,3.25,3,3,4,3,3,3,3,3,3,3,1,85,6,2,3,
30,3.25,4,3,4,3,3,4,4,4,4,3,1,73,8,2,4,
30,3.25,3.5,3,4,3,3,4,3,3,4,3,2,80,3,2,4,
30,3.25,4,3,4,3,3,4,4,4,4,3,1,75,6,2,5,3
30,3.25,3,3,3,4,3,3,3,3,3,3,2,70,9,2,3,
30,3.25,3,3,3,4,3,3,3,3,3,3,1,73,9,2,5,3
30,3.25,3.25,3,3,4,3,4,3,3,3,3,1,74,7,2,3,
30,3.25,3,3,4,3,3,3,3,3,3,3,1,76,11,2,3,
30,3.25,3.75,3,3,4,3,4,4,4,3,3,1,67,1,2,4,
30,2.75,2,2,4,2,3,2,2,2,2,3,1,75,11,2,3,
30,2.75,2.25,2,3,3,3,2,2,2,3,3,1,82,6,2,3,
30,2.25,1.75,2,2,3,2,2,1,2,2,3,1,78,7,2,3,
30,2.75,3.25,3,3,3,2,3,3,3,4,3,1,74,7,2,5,3
30,3.25,3,3,3,4,3,3,3,3,3,3,1,69,2,2,3,
30,3.75,3.25,4,4,3,4,3,3,3,4,3,2,82,9,2,4,
30,3.5,3,3,4,3,4,3,3,3,3,3,2,87,6,1,4,
30,3.25,3,3,3,3,4,3,3,3,3,3,1,92,7,1,3,
30,3.5,3,3,4,4,3,3,3,3,3,3,1,83,11,2,5,3
30,3.25,3,3,3,4,3,3,3,3,3,3,2,62,3,2,4,
30,3.25,4,3,3,4,3,4,4,4,4,3,1,56,1,2,3,
30,3.25,3.25,3,4,3,3,3,3,3,4,3,1,73,12,2,5,3
20,3.25,4,4,3,3,3,4,4,4,4,3,1,70,6,2,6,3
20,1.25,3.5,2,1,1,1,4,3,3,4,3,1,70,4,2,6,1
20,2,4,2,2,2,2,4,4,4,4,3,1,73,11,2,6,2
20,1.5,3.25,2,1,2,1,4,2,4,3,3,1,84,11,1,6,1
20,2,3.25,2,2,2,2,4,3,3,3,3,2,89,11,2,5,1
20,2.25,4,3,2,2,2,4,4,4,4,3,1,78,7,2,6,3
20,1,2.5,1,1,1,1,2,3,3,2,3,2,89,6,1,5,1
20,2.5,3,3,3,2,2,3,2,4,3,3,1,83,12,2,5,3
20,2.75,3.5,2,3,3,3,4,3,3,4,3,1,85,10,2,6,3
20,1.5,3.5,2,1,2,1,4,2,4,4,3,1,86,12,2,6,3
20,2.25,3.75,2,2,3,2,4,3,4,4,3,1,83,12,2,5,3
20,1,3,1,1,1,1,4,1,4,3,3,1,80,8,2,2,
20,1,2.75,1,1,1,1,4,1,3,3,3,1,73,11,2,4,
20,2.25,3.75,2,2,3,2,4,3,4,4,3,1,88,4,1,5,3
20,1.25,4.25,1,1,1,2,5,4,4,4,3,1,76,1,3,3,
20,1,4.25,1,1,1,1,5,4,4,4,3,1,79,3,2,5,3
20,2.25,3.75,2,2,3,2,4,3,4,4,3,1,82,2,2,4,
20,1,3.25,1,1,1,1,4,1,4,4,3,1,73,3,1,3,
20,2.25,3.75,2,2,3,2,4,3,4,4,3,1,86,1,1,2,
25,3.5,4,3,3,4,4,4,4,4,4,4,1,63,9,2,5,3
25,3.75,4.25,4,3,4,4,4,4,5,4,4,1,62,1,2,3,
25,3.75,3.75,3,4,4,4,4,3,4,4,4,1,74,1,2,3,
25,4,3.5,4,4,4,4,4,3,4,3,4,1,79,12,2,5,2
25,3.75,4,4,4,3,4,4,4,5,3,4,1,75,2,2,3,
25,3,4,3,3,3,3,4,4,4,4,4,1,72,12,2,2,
25,1,2,1,1,1,1,2,2,2,2,4,1,80,10,2,5,3
25,3.5,3.75,4,3,4,3,4,3,4,4,4,1,74,7,2,2,
25,2.25,3.5,2,3,2,2,3,4,4,3,4,1,76,8,1,4,
25,3.25,3,3,3,4,3,2,3,4,3,4,1,81,3,2,5,7
25,2.25,2.75,2,2,3,2,3,2,3,3,4,1,75,7,1,2,
25,3.5,3.5,3,4,3,4,3,4,4,3,4,1,84,7,2,2,
25,3.75,3.5,4,4,4,3,3,4,4,3,4,1,75,6,2,4,
25,3.25,2.75,3,3,4,3,3,3,2,3,4,1,70,6,2,5,3
25,3.75,4,4,4,3,4,4,4,4,4,4,1,61,12,2,3,
25,3,4,3,3,3,3,4,4,4,4,4,1,59,5,2,3,
25,4,4,4,4,4,4,4,4,4,4,4,1,68,3,2,1,
25,5,4.75,5,5,5,5,5,5,5,4,4,1,59,7,2,1,
25,4.25,3.75,4,5,4,4,4,3,4,4,4,1,63,1,2,3,
25,4.5,4,4,5,4,5,4,4,4,4,4,1,64,2,-9,3,
25,1,1,1,1,1,1,1,1,1,1,4,1,67,5,2,5,3
25,4,4,4,4,4,4,5,3,4,4,4,1,58,8,-9,1,
25,3.5,3.75,3,4,4,3,4,3,4,4,4,1,62,7,2,1,
25,3.5,3,3,4,3,4,4,2,3,3,4,1,67,10,2,3,
25,3,3,3,3,3,3,4,2,3,3,4,1,62,4,2,3,
25,2,3,2,2,2,2,4,2,3,3,4,1,58,2,2,1,
25,3.25,3.5,3,3,4,3,4,2,5,3,4,1,58,8,-9,1,
25,3.5,3.25,3,4,3,4,4,2,4,3,4,1,66,7,2,1,
25,3.5,3.25,3,3,4,4,4,2,4,3,4,1,66,2,2,3,
25,3,3,3,3,3,3,3,3,3,3,4,2,58,11,2,1,
25,5,4.5,5,5,5,5,5,4,5,4,4,2,59,8,2,1,
25,4,4,4,4,4,4,5,3,4,4,4,1,65,7,2,1,
25,5,4.75,5,5,5,5,5,4,5,5,4,1,58,9,2,1,
25,4,4.5,4,4,4,4,5,4,5,4,4,1,59,11,2,1,
25,2,2.75,2,2,2,2,3,1,4,3,4,1,61,3,2,3,
25,4.25,3.75,4,5,4,4,4,3,4,4,4,1,59,5,2,3,
25,4.25,2.75,4,4,5,4,3,2,3,3,4,1,64,9,2,3,
25,4.25,3.75,4,4,5,4,4,3,4,4,4,1,69,10,2,3,
25,3.25,3,3,3,4,3,3,2,4,3,4,1,69,4,2,3,
25,4.5,4,4,4,5,5,5,3,4,4,4,1,60,4,2,3,
25,4,3.5,4,4,4,4,4,3,4,3,4,2,61,6,2,1,
25,5,5,5,5,5,5,5,5,5,5,4,1,58,7,2,1,
25,4.5,4.5,4,5,5,4,5,3,5,5,4,1,65,12,2,1,
25,1,1.25,1,1,1,1,1,1,1,2,4,1,60,2,2,3,
25,4,3,4,4,4,4,3,3,3,3,4,1,60,10,2,3,
25,2,2,2,2,2,2,2,2,2,2,4,1,59,11,2,3,
25,3.75,3.5,4,4,3,4,4,3,4,3,4,1,60,3,2,1,
25,5,3.75,5,5,5,5,4,3,4,4,4,1,58,8,2,1,
25,4,3.5,4,4,4,4,4,3,4,3,4,1,60,1,2,1,
25,4,3.75,4,4,4,4,4,3,4,4,4,1,58,6,2,1,
25,5,4,5,5,5,5,5,3,4,4,4,1,62,7,2,3,
25,3.75,3.75,4,4,3,4,4,2,5,4,4,1,71,10,2,5,3
25,4,3.75,4,4,4,4,4,3,5,3,4,1,67,2,2,3,
25,3.25,3.5,3,4,3,3,3,4,4,3,4,1,67,2,2,5,4
25,3.5,4,2,4,4,4,4,4,4,4,4,2,92,7,1,6,1
25,2.75,3.25,2,4,2,3,3,4,3,3,4,2,81,12,2,6,3
25,3.5,3.25,4,3,4,3,3,4,3,3,4,2,88,5,2,6,2
25,2.5,2.75,2,3,2,3,3,3,2,3,4,2,85,2,2,6,3
25,2,3,2,2,1,3,2,4,4,2,4,1,73,12,2,7,2
60,3.75,4.25,5,4,3,3,4,4,4,5,3,1,69,11,2,6,3
60,4,4,4,4,4,4,4,4,4,4,3,1,83,2,2,6,2
60,4,4.25,4,4,4,4,4,4,4,5,3,1,67,12,2,6,1
60,2.75,3.25,3,2,3,3,4,3,3,3,3,2,85,12,2,6,1
60,4,4.25,4,4,4,4,4,4,4,5,3,1,67,11,2,6,1
60,4,3.75,4,4,4,4,4,3,4,4,3,2,75,2,2,5,1
60,5,3,5,5,5,5,3,3,3,3,3,1,73,4,2,6,3
60,4.25,3.75,5,4,4,4,5,2,4,4,3,2,86,8,1,5,2
60,3.75,4,4,4,4,3,4,4,4,4,3,1,69,1,2,2,
60,2.5,2,3,3,2,2,2,1,3,2,3,1,83,11,2,6,3
60,3.75,3,4,3,4,4,3,3,3,3,3,2,77,10,2,5,1
60,2,3.5,2,2,2,2,4,4,3,3,3,2,81,2,2,4,
60,3.75,4,4,3,4,4,4,4,4,4,3,2,81,7,2,4,
60,4,3,4,4,4,4,3,3,3,3,3,1,77,2,2,4,
60,4,4,4,4,4,4,4,4,4,4,3,1,73,4,2,6,1
60,3.75,4,4,4,4,3,4,4,4,4,3,1,70,12,2,6,3
60,3.25,3.75,4,3,3,3,4,3,4,4,3,1,67,4,2,3,
60,3.25,4,4,3,3,3,4,4,4,4,3,1,74,6,2,4,
60,3,4,3,3,3,3,4,4,4,4,3,1,70,4,2,2,
60,4.5,3.25,5,4,5,4,4,2,4,3,3,1,83,2,1,6,3
60,3.5,3.25,3,3,4,4,3,3,4,3,3,2,75,8,2,2,
60,3,3,3,3,3,3,3,3,3,3,3,1,79,6,2,5,3
60,3,3.75,3,3,3,3,4,4,4,3,3,1,74,9,2,2,
60,3,3,3,3,3,3,3,3,3,3,3,1,82,1,2,3,
60,4,3.75,4,4,4,4,4,3,4,4,3,1,77,12,2,5,3
60,3.5,4,4,4,3,3,4,4,4,4,3,1,64,9,2,3,
60,3,4,3,3,3,3,4,4,4,4,3,1,72,6,2,5,3
60,3,3.25,3,3,3,3,3,3,4,3,3,1,90,2,1,5,3
60,3.5,4,4,4,3,3,4,4,4,4,3,1,83,8,2,5,3
28,3.75,3.75,3,4,4,4,4,3,4,4,4,2,76,5,2,6,3
28,4,3.75,4,4,4,4,4,3,4,4,4,1,77,3,1,2,
28,3.75,3.75,4,4,4,3,4,3,4,4,4,1,80,12,2,6,1
28,4,4.25,4,4,4,4,4,4,5,4,4,2,89,8,1,6,1
28,4,3.75,4,4,4,4,4,3,4,4,4,2,92,4,1,6,2
28,3.5,3.25,4,3,4,3,3,2,4,4,4,1,77,4,2,6,2
28,3.25,3.75,3,3,4,3,4,4,4,3,4,2,88,1,2,6,2
28,4,4,4,4,4,4,4,4,4,4,4,2,84,12,2,7,6
28,3.75,4,4,3,4,4,4,3,5,4,4,1,89,9,1,6,2
28,4,3.5,4,4,4,4,4,3,4,3,4,1,77,7,2,6,1
28,2,2.5,2,2,2,2,2,3,3,2,4,2,89,2,2,6,2
28,3.75,3.25,4,3,4,4,3,3,4,3,4,2,90,9,1,6,1
28,3.25,4,4,4,3,2,4,3,5,4,4,2,91,1,1,6,1
28,3.5,4,4,3,3,4,4,3,5,4,4,2,90,3,1,6,2
28,3,4,3,3,3,3,4,4,4,4,4,2,88,9,1,6,2
28,3.75,4,4,4,4,3,4,4,4,4,4,2,64,3,2,6,1
28,4,3.75,4,4,4,4,4,3,4,4,4,1,88,7,1,6,2
28,4.25,4,5,4,5,3,4,3,5,4,4,1,87,5,1,6,2
39,3.5,4,3,3,4,4,4,4,4,4,3,1,79,5,2,6,2
39,2.25,3.75,2,3,2,2,4,4,4,3,3,2,93,7,1,6,2
39,3,4,4,2,3,3,4,4,4,4,3,1,85,1,2,6,2
39,3,4.5,3,3,3,3,4,5,5,4,3,1,84,5,1,6,1
